id,name,unitcost,comcost,isbadunit
1,Logrian Slinger,7,23,0
2,Standard,12,26,0
3,Serpent Cataphract,37,49,0
4,Serpent,13,20,0
5,Serpent Lord,40,54,0
6,Emerald Lord,28,46,0
7,Emerald Guard,23,36,0
8,???,0,0,1
9,???,0,0,1
10,???,0,0,1
11,Retiarius,8,22,0
12,Gladiator,7,21,0
13,Hoplite Commander,20,36,0
14,Hoplite,15,27,0
15,Hypaspist Commander,20,36,0
16,Hypaspist,16,29,0
17,Archer,1,18,0
18,Militia,4,22,0
19,Heavy Cavalry,20,33,0
20,Heavy Cavalry,19,31,0
21,Heavy Cavalry,18,30,0
22,Knight,24,36,0
23,Knight Commander,25,37,0
24,Light Cavalry,12,28,0
25,Light Cavalry,11,27,0
26,Light Cavalry,15,30,0
27,Centaur,16,37,0
28,Light Infantry,8,25,0
29,Light Infantry,10,26,0
30,Militia,3,20,0
31,Militia,5,22,0
32,Archer,7,21,0
33,Archer,5,21,0
34,Commander,12,26,0
35,Commander,12,26,0
36,Commander,13,27,0
37,Master of the Games,38,49,0
38,Heavy Infantry,9,24,0
39,Heavy Infantry,12,26,0
40,Heavy Infantry,12,26,0
41,Arch Theurg,19,320,0
42,Theurg,11,174,0
43,Theurg Acolyte,2,66,0
44,Mounted Commander,18,32,0
45,Mounted Commander,17,32,0
46,Mounted Commander,17,33,0
47,Crossbowman,7,24,0
48,Crossbowman,9,24,0
49,Crossbowman,11,25,0
50,Slinger,1,16,0
51,Battle Vestal,12,37,0
52,Battle Deacon,22,68,0
53,Logrian Warrior,13,27,0
54,Castellan,15,33,0
55,Longbowman,8,25,0
56,Royal Forester,16,29,0
57,Knight of Man,27,39,0
58,Knight of the Stone,43,62,0
59,Longbowman,8,26,0
60,Monk,2,53,0
61,Spearman,9,25,0
62,Longspear,9,24,0
63,Tower Guard,14,28,0
64,Knight of Avalon,35,46,0
65,Warden of Avalon,41,53,0
66,Guardian,28,42,0
67,Infantry of Ulm,16,30,0
68,Black Plate Infantry,20,34,0
69,Black Knight,33,45,0
70,Black Lord,37,53,0
71,Infantry of Ulm,14,28,0
72,Black Plate Infantry,17,31,0
73,Infantry of Ulm,15,29,0
74,Black Plate Infantry,19,33,0
75,Infantry of Ulm,14,28,0
76,Black Plate Infantry,18,32,0
77,Infantry of Ulm,15,29,0
78,Black Plate Infantry,19,33,0
79,Pikeneer,14,28,0
80,Black Plate Pikeneer,18,32,0
81,Abysian Infantry,22,36,0
82,Abysian Infantry,20,34,0
83,Abysian Infantry,22,36,0
84,Abysian Infantry,21,35,0
85,Anathemant Salamander,13,149,0
86,Anathemant Dragon,19,250,0
87,Demonbred,35,268,0
88,Fiend of Darkness,49,76,0
89,Warlock,9,256,0
90,Lava Warrior,50,64,0
91,???,0,0,1
92,Cloud Mage,1,49,0
93,Wind Master,1,97,0
94,Conjurer,1,76,0
95,Circle Master,3,163,0
96,Azure Initiate,1,50,0
97,Azure Mage,1,95,0
98,Pyromancer,1,49,0
99,Adept of Pyriphlegeton,6,154,0
100,Adept of the Silver Order,1,210,0
101,Adept of the Golden Order,1,211,0
102,Initiate of the Deep,1,47,0
103,Hydromancer,1,145,0
104,Deep Seer,6,242,0
105,Woodhenge Druid,8,72,0
106,Shadow Seer,4,157,0
107,Atlantian Light Infantry,10,26,0
108,Coral Guard,17,31,0
109,Dagon,163,388,0
110,Atlantian Militia,2,23,0
111,Atlantian Shield Bearer,6,28,0
112,Coral Queen,52,117,0
113,Lord Guardian,35,53,0
114,Commander of Ulm,19,37,0
115,Commander of Ulm,23,41,0
116,Commander of Ulm,18,36,0
117,Commander of Ulm,22,40,0
118,War Master,49,71,0
119,Warlord,32,50,0
120,Moloch,174,393,0
121,Demonbred,35,276,0
122,Bloodhenge Druid,1,118,0
123,Wolf Tribe Archer,4,21,0
124,Wolf Tribe Warrior,6,23,0
125,Woodsman Blowpipe,6,25,0
126,Woodsman,4,22,0
127,Blizzard Warrior,6,23,0
128,Spire Horn Archer,1,18,0
129,Spire Horn Militia,5,23,0
130,Airya Light Infantry,11,28,0
131,Spire Horn Warrior,10,28,0
132,Iceclad,23,37,0
133,Man at Arms,15,29,0
134,Royal Guard,32,42,0
135,Knight of the Chalice,50,61,0
136,Horse Tribe Chief,21,36,0
137,Horse Tribe Cavalry,16,32,0
138,Gorgon,50,201,0
139,Barbarian,11,29,0
140,Barbarian,8,26,0
141,Barbarian Chief,17,35,0
142,Huskarl,10,25,0
143,Huskarl,10,25,0
144,Hirdman,12,26,0
145,Hirdman,14,28,0
146,Einhere,21,35,0
147,Barbarian Lord,21,40,0
148,Friar,3,59,0
149,Inquisitor,3,92,0
150,War Elephant,109,81,0
151,Daughter of Avalon,1,83,0
152,Mother of Avalon,2,134,0
153,Crone of Avalon,2,252,0
154,Witch,8,98,0
155,Velite,10,26,0
156,Cyclops,95,322,0
157,Mother of Monsters,72,221,0
158,Oracle,37,111,0
159,Monument,664,914,0
160,High Priest of C'tis,6,81,0
161,Sauromancer,9,204,0
162,Lizard Lord,20,38,0
163,Commander of C'tis,16,32,0
164,Swamp Guard,30,44,0
165,Heavy Infantry,13,27,0
166,City Guard,10,26,0
167,Light Infantry,8,28,0
168,Militia,3,23,0
169,Taskmaster,4,30,0
170,Shaman,14,95,0
171,Slave Warrior,7,28,0
172,Elite Warrior,12,29,0
173,Runner,5,26,0
174,Triton,4,23,0
175,Triton Guard,5,25,0
176,Triton,2,22,0
177,Lizard King,30,99,0
178,Lich,29,410,0
179,Master Lich,63,372,0
180,Demilich,30,118,0
181,Wraith Lord,277,1131,0
182,Wraith Lord,341,648,0
183,Wraith Lord,563,2329,0
184,Knight of the Unholy Sepulchre,41,53,0
185,Bane,47,71,0
186,Longdead Velite,8,26,0
187,Longdead Legionnaire,11,26,0
188,Mound King,22,34,0
189,Longdead Horseman,14,28,0
190,Mound King,15,29,0
191,Longdead,11,25,0
192,Longdead,9,25,0
193,Longdead,8,24,0
194,Longdead,5,25,0
195,Longdead,8,24,0
196,Longdead,4,24,0
197,Soulless,1,14,0
198,Ghoul,5,22,0
199,Cardaces,10,25,0
200,Chariot,53,65,0
201,Peltast,8,26,0
202,Caelian Seraph,1,118,0
203,High Seraph,4,243,0
204,Seraphine,2,57,0
205,Raptor,9,27,0
206,Shambler,11,34,0
207,Shambler Chief,14,39,0
208,War Shambler,24,41,0
209,Mother Guard,55,66,0
210,Giant Lobster,79,61,0
211,War Lobster,103,119,0
212,Lord Warden,56,74,0
213,Salamander,18,22,0
214,Beast Trainer,26,46,0
215,Virtue,120,305,0
216,Dragon,209,405,0
217,Flagellant,3,25,0
218,Crossbowman,10,27,0
219,Swordsman,13,27,0
220,Halberdier,12,26,0
221,Pikeneer,10,24,0
222,High Inquisitor,5,108,0
223,Grand Master,12,286,0
224,Witch Hunter,21,166,0
225,Initiate,2,50,0
226,Arch Mage,209,353,0
227,Satyr Sneak,10,29,0
228,Satyr,11,29,0
229,Satyr,11,30,0
230,Satyr Hoplite,20,32,0
231,Centaur Hierophant,34,108,0
232,Centaur Commander,30,46,0
233,Centaur Cataphract,28,40,0
234,Minotaur,54,76,0
235,War Minotaur,60,76,0
236,Minotaur Lord,68,84,0
237,Dryad,11,232,0
238,Pan,25,415,0
239,Harpy,3,10,0
240,Priest,1,52,0
241,High Priest,1,56,0
242,Hiereia,1,78,0
243,Crab Hybrid,21,37,0
244,Arch Mage,11,70,0
245,Master Enchanter,12,71,0
246,Freak Lord,57,118,0
247,Freak,91,70,0
248,Arch Mage,64,123,0
249,Crone,9,60,0
250,Frost Father,19,106,0
251,Great Sage,11,131,0
252,Harab Seraph,4,57,0
253,Dusk Elder,51,301,0
254,Spectator,44,167,0
255,Wailing Lady,333,376,0
256,Acolyte of Eldregate,37,144,0
257,Bishop of Eldregate,44,197,0
258,Arch Bishop of Eldregate,51,249,0
259,Lictor,55,66,0
260,Censor,64,75,0
261,Valkyrie,45,59,0
262,Van,70,80,0
263,Vanherse,78,139,0
264,Vanjarl,104,270,0
265,Dragon,263,471,0
266,Dragon,458,714,0
267,Frost Father,263,419,0
268,Master Enchanter,458,661,0
269,Wyrm,212,255,0
270,Arch Druid,13,73,0
271,Burgmeister Guard,10,24,0
272,Hoburg Champion,12,26,0
273,Hoburg Crossbow,7,23,0
274,Jotun Jarl,92,149,0
275,Jotun Gode,68,125,0
276,Jotun Javelinist,33,50,0
277,Jotun Bondi,25,42,0
278,Jotun Spearman,36,50,0
279,Jotun Axeman,36,50,0
280,Seithkona,2,96,0
281,Norna,10,220,0
282,Wolf Rider,15,30,0
283,Chief,18,32,0
284,Wolf,2,13,0
285,Spearman,9,24,0
286,Maceman,10,24,0
287,Swordsman,11,25,0
288,Heavy Crossbowman,15,29,0
289,Pikeneer,10,24,0
290,Crossbowman,11,27,0
291,Captain,13,33,0
292,Heavy Cavalry,16,29,0
293,Captain,16,34,0
294,Nerid,52,207,0
295,Sacred Serpent,19,26,0
296,Hydra Tamer,16,36,0
297,Phantasmal Warrior,2,20,0
298,Phantasmal Wolf,2,13,0
299,Wight Mage,30,137,0
300,Jotun Hurler,29,46,0
301,Astrologer,3,177,0
302,Wizard,4,125,0
303,Imp,6,27,0
304,Devil,61,92,0
305,Arch Devil,104,803,1
306,Ice Devil,133,339,1
307,Lesser Horror,84,66,0
308,Horror,209,139,0
309,Ice Druid,13,158,0
310,Necromancer,1,94,0
311,Mystic,1,103,0
312,Wizard,4,124,0
313,Manikin,5,26,0
314,Mandragora,19,42,0
315,Soulless Giant,6,29,0
316,Longdead Giant,18,37,0
317,Soulless,1,13,0
318,Soulless of Atlantis,1,16,0
319,Soulless of C'tis,1,19,0
320,Saurolich,69,395,0
321,Shaman,14,240,0
322,King of the Deep,28,249,0
323,Dwarven Smith,9,134,0
324,Dwarf Elder,13,208,0
325,Master Smith,11,150,0
326,Blood Slave,0,0,1
327,Anathemant,25,58,0
328,Lizard King,34,68,0
329,Spectral Mage,44,159,0
330,Dark Vines,77,80,0
331,Illithid,20,41,0
332,Starspawn,20,257,0
333,Starspawn,38,143,0
334,Golden Naga,0,0,1
335,Slave Trooper,5,26,0
336,Slave Guardian,10,25,0
337,Lobo Guard,3,24,0
338,Enchanter,1,114,0
339,Sorcerer,4,145,0
340,Crystal Mage,2,164,0
341,Illusionist,5,99,0
342,Moon Mage,1,118,0
343,Sorceress,3,164,0
344,Sorceress,3,131,0
345,Gnome,2,161,0
346,Crystal Sorceress,1,74,0
347,Crystal Priestess,2,51,0
348,Amazon,2,20,0
349,Garnet Sorceress,5,82,0
350,Garnet Priestess,14,65,0
351,Amazon,13,28,0
352,Jade Sorceress,13,90,0
353,Jade Priestess,29,95,0
354,Amazon,10,25,0
355,Onyx Sorceress,5,82,0
356,Onyx Priestess,15,68,0
357,Amazon,11,25,0
358,Temple Guard,42,55,0
359,Queen of the Sea,78,992,1
360,Undine,24,62,0
361,Vine Man,5,33,0
362,Vine Ogre,29,72,0
363,Enchantress,3,119,0
364,Enchantress,1,89,0
365,Centaur Chariot,84,95,0
366,Eternal Knight,64,119,0
367,Pegasus Rider,50,67,0
368,Gryphon,40,43,0
369,Nightmare,33,45,0
370,Jade Maiden,37,50,0
371,Hero,24,60,0
372,Humanbred,12,28,0
373,Coral Prince,74,158,0
374,Queen Mother,61,92,0
375,Jotun Jarl,92,114,0
376,Green Knight,50,58,0
377,Hero,42,62,0
378,Hero,44,60,0
379,Lizard Hero,32,64,0
380,Lizard Hero,31,45,0
381,Heroine,60,79,0
382,Mystic,0,0,1
383,Prince of Death,209,483,0
384,Neter of Crafts,81,275,0
385,Neteret of Joy,48,206,0
386,Neter of the Sun,104,283,0
387,Neteret of Many Names,50,179,0
388,Neter of Chaos,110,256,0
389,Fire Lord,29,124,0
390,Grey Knight,51,62,0
391,Grey Lord,61,72,0
392,Ashen Angel,179,223,0
393,Lammashta,87,119,0
394,Lamia,20,41,0
395,Lich Queen,44,334,0
396,Revenant,3,55,0
397,Black Serpent,20,46,0
398,Mummy,37,62,0
399,Werewolf,21,44,1
400,Skinshifter,33,52,0
401,Bitch Queen,56,123,0
402,Crone,56,110,0
403,Horned Serpent,16,24,0
404,Vampire Lord,124,775,0
405,Vampire,105,170,0
406,Triton Commander,10,24,0
407,Illithid Soldier,37,49,0
408,Water Elemental,213,143,0
409,Water Elemental,148,106,0
410,Water Elemental,95,76,0
411,Water Elemental,57,54,0
412,Water Elemental,30,38,0
413,Water Elemental,12,27,0
414,Wingless,9,25,0
415,High Seraph,14,42,0
416,Seraphine,14,42,0
417,Crossbowman,17,31,0
418,Storm General,29,47,0
419,Mammoth,130,90,0
420,Airya Infantry,14,29,0
421,Storm Guard,23,37,0
422,Herse,16,32,0
423,Lizard Warrior,8,29,0
424,Meteorite Guard,20,34,0
425,Shambler Thrall,51,73,0
426,Scout,4,18,0
427,Spy,8,37,0
428,Assassin,16,110,0
429,Slayer,31,122,0
430,Black Harpy,3,10,0
431,Scout,6,20,0
432,Scout,5,22,0
433,Bone Fiend,16,40,0
434,Black Servant,24,50,0
435,Maenad,2,23,0
436,Jotun Jarl,100,122,0
437,Jotun Herse,78,94,0
438,Kraken,25,30,0
439,Mound Fiend,55,362,0
440,Paladin,57,106,0
441,Consort,59,113,0
442,Shade Beast,18,23,0
443,Star Child,15,162,0
444,Traitor Prince,36,54,0
445,Illithid Lord,40,57,0
446,Lord of the Plague Wind,250,892,1
447,Troglodyte,71,86,0
448,False Horror,5,16,0
449,Frost Fiend,61,89,0
450,Horse Brother,18,32,0
451,Horse Brother,24,38,0
452,Behemoth,195,128,0
453,Foul Spawn,5,28,0
454,Foul Spawn,2,22,0
455,Foul Spawn,2,22,0
456,Foul Spawn,8,30,0
457,Foul Spawn,5,25,0
458,Foul Spawn,1,17,0
459,Foul Spawn,4,27,0
460,Foul Spawn,2,25,0
461,Foul Spawn,7,27,0
462,???,0,0,1
463,Fay Boar,74,63,0
464,Harbinger,96,352,0
465,Arch Angel,248,722,0
466,Cockatrice,74,56,0
467,Foul Beast,28,33,0
468,Foul Spawn,6,24,0
469,King of Mountains,95,755,1
470,Father Illearth,93,2423,1
471,Golem,48,196,0
472,Statue of Order,76,173,0
473,Telestic Animate,12,55,0
474,Living Statue,41,80,0
475,Crusher,164,208,0
476,Lumber Construct,65,131,0
477,Adept of the Iron Order,1,209,0
478,Sage,1,76,0
479,Lore Master,1,123,0
480,Magus,1,93,0
481,High Magus,1,174,0
482,Villain,5,22,0
483,Hoburg Militia,3,20,0
484,Caelian Scout,12,25,0
485,Great Enchantress,7,183,0
486,Great Warlock,21,87,0
487,Chimera,51,46,0
488,Ettin,53,101,0
489,Demon Knight,64,75,0
490,Jinn,457,2200,1
491,Harvester of Sorrows,117,114,0
492,Heliophagus,129,750,1
493,Earth Elemental,534,311,0
494,Earth Elemental,378,225,0
495,Earth Elemental,248,152,0
496,Earth Elemental,142,94,0
497,Earth Elemental,62,49,0
498,Earth Elemental,6,17,0
499,Nataraja,117,312,0
500,Skratti,49,107,0
501,Allfather,133,270,0
502,Empoisoner,20,206,0
503,Poison Slinger,12,32,0
504,Falchioneer,15,29,0
505,Hero,31,49,0
506,Hero,45,61,0
507,Heroine,38,58,0
508,Wolf Lord,39,78,0
509,Arch Seraph,20,72,0
510,Hierodule,1,52,0
511,Winter Wolf,26,31,0
512,Fall Bear,31,41,0
513,Spring Hawk,24,29,0
514,Kithaironic Lion,39,45,0
515,Summer Lion,64,62,0
516,Pandemoniac,22,340,0
517,Black Hawk,1,10,0
518,Troll,31,50,0
519,Troll King,54,216,0
520,Wyvern,34,33,0
521,Abomination,864,565,0
522,Cave Drake,31,33,0
523,Fire Drake,18,22,0
524,Scorpion Beast,38,37,0
525,Couatl,26,324,0
526,Serpent Fiend,34,32,0
527,Will o' the Wisp,21,22,0
528,Corpse Candle,19,21,0
529,Sea Father,19,125,0
530,Foul Spawn,38,44,0
531,Iron Dragon,599,375,0
532,Mechanical Man,30,54,0
533,Wight,38,49,0
534,Corpse Construct,1,27,0
535,Longdead Archer,1,20,0
536,Longdead Buccaneer,5,25,0
537,Forgotten King,34,84,0
538,Theurg Communicant,41,58,0
539,Rage Lord,70,92,0
540,White Minotaur,123,195,0
541,Vaetti,8,24,0
542,Stone Monstra,178,270,0
543,Angel of the Host,99,131,0
544,Einhere,27,41,0
545,Shark Knight,37,53,0
546,Void Lurker,102,194,0
547,Dead One,1,27,0
548,Hoburg Hero,16,30,0
549,Boar,1,9,0
550,Master Alchemist,7,70,0
551,Alchemist,2,107,0
552,Animist,8,107,0
553,Jotun Skratti,97,330,0
554,Ermorian Cultist,1,97,0
555,Arch Censor,106,120,0
556,Sacred One,43,95,0
557,Harab Seraphine,12,141,0
558,Seer King,31,392,0
559,Sleeper,57,89,0
560,Stargazer,32,454,0
561,Earth Gnome,13,36,0
562,Sylph,35,61,0
563,Queen of Storms,127,2966,1
564,Sea Troll,32,61,0
565,Sea Serpent,45,44,0
566,Ghost,36,64,0
567,Air Elemental,676,391,0
568,Air Elemental,483,284,0
569,Air Elemental,320,194,0
570,Air Elemental,191,122,0
571,Air Elemental,91,67,0
572,Air Elemental,21,27,0
573,Amber Clan Guard,16,29,0
574,Amber Clan Triton,10,28,0
575,Amber Clan Mage,5,105,0
576,Amber Clan Priest,12,69,0
577,Triton Trooper,11,24,0
578,Bog Beast,19,23,0
579,Ice Drake,38,35,0
580,Sea King,62,414,0
581,Anathemant Warlock,16,352,0
582,Blind One,3,326,0
583,Cardinal,4,147,0
584,Patriarch,11,323,0
585,Guild Master,7,475,0
586,Great Hag,42,505,0
587,Hierophant,2,192,0
588,Heroine,55,91,0
589,Witch Hunter General,54,322,0
590,Vanadrott,117,559,0
591,Dragonfly,2,12,0
592,Sprite,12,29,0
593,Draconian,35,50,0
594,Fire Elemental,302,189,0
595,Fire Elemental,226,146,0
596,Fire Elemental,160,109,0
597,Fire Elemental,105,77,0
598,Fire Elemental,60,51,0
599,Fire Elemental,25,30,0
600,Titan of War and Wisdom,115,248,0
601,Devi of Fortunes,290,533,0
602,Titan of Heaven,77,256,0
603,Teotl of Rain,281,490,0
604,Teotl of the Night,151,516,0
605,Son of Niefel,146,504,0
606,Great Mother,385,682,0
607,Baphomet,25,116,0
608,Phoenix,53,169,0
609,Lamia Queen,38,214,0
610,Serpent Queen,38,232,0
611,Black Bull,27,279,0
612,Gryphon Rider,82,93,0
613,Longdead Admiral,24,41,0
614,Harpy Queen,3,145,0
615,Longdead of C'tis,5,25,0
616,Longdead of C'tis,9,25,0
617,Longdead of C'tis,11,25,0
618,Longdead Warrior,7,28,0
619,Longdead Warrior,11,28,0
620,Draconian Chief,47,175,0
621,Treelord,197,383,1
622,Traitor King,27,325,0
623,King of the World,0,0,1
624,Old King,239,159,0
625,Mummy,31,55,0
626,Fallen Angel,211,882,0
627,Faery Queen,5,556,0
628,Great Lion,10,19,0
629,Stalker,28,144,0
630,Elludian Moon Mage,2,141,0
631,King of Flames,142,1309,1
632,Storm Demon,72,106,0
633,Werewolf,29,80,0
634,Handmaiden of Death,97,132,0
635,Ancient Shaman,14,207,0
636,Basilisk,39,36,0
637,Draco Lion,175,121,0
638,Spine Devil,35,60,0
639,Kraken King,49,46,0
640,Magma Child,31,52,0
641,Ancient Mandragora,72,429,0
642,Giant Lobster,79,59,0
643,Bog Mummy,103,276,0
644,Dracolich,286,528,0
645,Bog Mummy,286,446,0
646,Troll Raider,99,110,1
647,Dark Knight,63,73,1
648,Troll Archer,50,69,1
649,Troll Mage,42,218,1
650,Warrior Mage,18,180,1
651,Eater of Dreams,382,241,1
652,Void Lord,88,239,0
653,Serpent King,23,79,0
654,Serpent King,23,84,0
655,Scorpion King,110,191,0
656,Fountain of Blood,28,118,0
657,Monolith,182,290,0
658,Bard,8,71,0
659,Grotesque,95,113,0
660,Aboleth,69,467,0
661,Shedu,499,467,0
662,Velite,10,26,0
663,Alae Legionnaire,12,26,0
664,Hastatus,13,27,0
665,Principe,16,30,0
666,Triarius,19,31,0
667,Praetorian Guard,21,33,0
668,Standard,13,27,0
669,Thaumaturg,6,183,0
670,Grand Thaumaturg,16,374,0
671,Centurion,14,32,0
672,Spectral Velite,11,32,0
673,Spectral Hastatus,12,35,0
674,Dispossessed Spirit,5,19,0
675,Shadow Soldier,14,33,0
676,Shade,16,38,0
677,Apparition,17,42,0
678,Lemur Centurion,78,96,0
679,Lemur Consul,309,655,0
680,Lemur Senator,101,282,0
681,Shadow Tribune,29,141,0
682,Spectral Standard,14,37,0
683,Centurion,14,32,0
684,Velite,10,26,0
685,Alae Legionnaire,12,26,0
686,Hastatus,13,27,0
687,Principe,16,30,0
688,Triarius,19,31,0
689,Standard,13,27,0
690,Grave Consort,44,155,0
691,Tomb Priest,50,209,0
692,Tomb King,125,346,0
693,Tomb Wyrm,47,43,0
694,Great Bear,10,21,0
695,Phantasmal Beast,7,17,0
696,Phantasmal Knight,7,24,0
697,Satyr Hoplite,21,33,0
698,Centaur Cataphract,27,39,0
699,Cataphract Commander,29,45,0
700,Minotaur Soldier,63,77,0
701,Minotaur Commander,70,86,0
702,Grove Guard,70,84,0
703,Keeper of Traditions,124,176,0
704,Dryad Hoplite,39,50,0
705,Dryad,11,181,0
706,Pan,23,258,0
707,Centaur Warrior,29,44,0
708,Reveler,19,39,0
709,Panic Apostate,23,286,0
710,Carrion Lord,40,350,0
711,Carrion Lady,13,94,0
712,Satyr Manikin,7,30,0
713,Harpy Manikin,2,15,0
714,Carrion Centaur,21,83,0
715,Carrion Beast,5,16,0
716,Carrion Beast,2,15,0
717,Carrion Beast,4,27,0
718,Carrion Beast,16,27,0
719,???,0,0,1
720,Slave,1,18,0
721,Warrior,1,22,0
722,Warrior,6,21,0
723,Warrior,10,25,0
724,Warrior,11,25,0
725,Sun Warrior,29,43,0
726,Eagle Warrior,18,38,0
727,Jaguar Warrior,43,62,0
728,Were Jaguar,25,52,1
729,Scout,3,19,0
730,Tribal King,27,53,0
731,Mictlan Priest,3,67,0
732,Priest King,24,244,0
733,Rain Priest,3,194,0
734,Moon Priest,4,195,0
735,High Priest of the Sun,6,263,0
736,Ether Warrior,66,80,0
737,Ether Lord,59,326,0
738,Black Templar,57,67,0
739,Black Acolyte,1,63,0
740,Black Priest,5,114,0
741,Giant Mummy,73,104,0
742,Giant Mummy,54,84,0
743,Mummy,38,63,0
744,Diabolist,1,75,0
745,Goetic Master,3,203,0
746,Strategos,21,43,0
747,Heart Companion,33,44,0
748,Master Mason,8,48,0
749,Sapper,14,28,0
750,Thing From Beyond,47,64,0
751,Thing That Should Not Be,143,104,0
752,Elder Thing,41,39,0
753,Thing From The Void,62,57,0
754,Greater Otherness,495,313,0
755,Otherness,267,176,0
756,Lesser Otherness,112,82,0
757,Vile Thing,10,22,0
758,Thing Of Many Eyes,15,29,0
759,Dweller-In-The-Deep,128,102,0
760,Siege Golem,265,198,0
761,Serpent Priest,11,220,0
762,Vastness,644,793,0
763,Serpent Cataphract,72,82,0
764,Serpent,32,37,0
765,Serpent Lord,72,82,0
766,???,0,0,1
767,???,0,0,1
768,Watcher,71,107,0
769,White Centaur,57,74,0
770,White Satyr,55,87,0
771,Tartarian Cyclops,143,460,0
772,Tartarian Cyclops,197,496,0
773,Tartarian Spirit,158,465,0
774,Tartarian Titan,147,314,0
775,Tartarian Titan,123,367,0
776,Tartarian Monstrum,372,371,0
777,Tartarian Monstra,124,326,0
778,Divine Mummy,136,185,0
779,Rams-Headed Serpent,156,238,0
780,Lord of the Hunt,243,686,1
781,Juggernaut,1128,850,0
782,Giant Spider,11,20,0
783,Serpent Dancer,27,51,0
784,Garmhirding,77,101,0
785,Gygja,24,197,0
786,Jotun Scout,65,84,0
787,Black Centaur,57,74,0
788,Horseman,13,27,0
789,Heavy Horseman,18,31,0
790,Imperial Horseman,21,34,0
791,Red Guard,50,61,0
792,General,23,40,0
793,Prince General,59,77,0
794,Footman,8,23,0
795,Footman,10,25,0
796,Footman,9,25,0
797,Archer,7,22,0
798,Imperial Guard,16,29,0
799,Imperial Footman,13,27,0
800,Imperial Footman,13,27,0
801,Imperial Archer,12,26,0
802,Imperial Crossbowman,14,28,0
803,Celestial Master,2,198,0
804,Minister of Rituals,23,75,0
805,Eunuch,19,37,0
806,Master of the Dead,12,75,0
807,Ceremonial Master,3,52,0
808,Master of the Way,1,79,0
809,Shadow Vestal,26,55,0
810,Lord of Hell,173,1500,1
811,Succubus,49,135,0
812,Lord of the Wild,89,298,0
813,Imperial Consort,2,28,0
814,Fire Snake,26,30,0
815,Small Shark,2,11,0
816,Shark,14,24,0
817,Clayman,19,48,0
818,Heliophagus,154,666,1
819,Heliophagus,183,965,1
820,Heliophagus,163,546,1
821,Ice Devil,139,392,1
822,Ice Devil,183,350,1
823,Ice Devil,85,397,1
824,Ice Devil,139,737,1
825,Ice Devil,233,757,1
826,Arch Devil,115,429,1
827,Arch Devil,107,592,1
828,Arch Devil,84,468,1
829,Arch Devil,107,416,1
830,Serpent Acolyte,1,95,0
831,Ice Elemental,588,343,0
832,Ice Elemental,417,248,0
833,Ice Elemental,272,167,0
834,Ice Elemental,157,103,0
835,Ice Elemental,68,53,0
836,Ice Elemental,7,18,0
837,Huskarl,10,25,0
838,Huskarl,10,25,0
839,Herse,16,32,0
840,Jotun Huskarl,37,51,0
841,Godihuskarl,43,56,0
842,Jotun Hirdman,50,63,0
843,Shade Lord,28,54,0
844,Niefel Jarl,194,657,0
845,Niefel Giant,141,167,0
846,Galderman,29,163,0
847,Hangadrott,106,422,0
848,Sidhe Lord,100,267,0
849,Daoine Sidhe,37,58,0
850,Sidhe Champion,46,142,0
851,Cu Sidhe,21,27,0
852,Werewolf,21,44,1
853,Skinshifter,33,52,0
854,Werewolf,22,45,1
855,Valkyrie,50,64,0
856,Tuatha,110,434,0
857,Smoking Mirror,130,258,0
858,Jaguar,130,266,0
859,Jaguar,18,27,0
860,Feathered Warrior,13,27,0
861,Ettin Mandragora,124,281,0
862,Vampire Queen,129,450,0
863,Apostatic Warrior,71,344,0
864,First King,161,716,0
865,Pontifex Serpentus,25,342,0
866,Hero,83,97,0
867,Slayer,51,165,0
868,Scythe Wielder,15,313,0
869,Navigator,2,79,0
870,Captain,10,29,0
871,Pirate,7,25,0
872,Ghost King,74,147,0
873,Great Seer of the Deeps,26,85,0
874,Divine Emperor,16,65,0
875,Warrior Mage,29,83,0
876,Spider Warrior,19,33,0
877,Bane Spider,25,136,0
878,Machaka Militia,1,21,0
879,Machaka Archer,1,19,0
880,Machaka Warrior,6,27,0
881,Machaka Chief,7,30,0
882,Machaka Hoplite,17,30,0
883,Machaka Commander,18,36,0
884,Great Spider,20,26,0
885,Spider Rider,21,40,0
886,Spider Knight,38,49,0
887,Spider Lord,42,57,0
888,Hunter Spider,58,83,1
889,Black Hunter,112,120,0
890,Hunter Lord,93,102,0
891,Sorceress,30,136,0
892,Witch Doctor,7,89,0
893,Sorcerer,7,170,0
894,Black Sorcerer,56,297,0
895,Ear of the Lord,12,84,0
896,Eye of the Lord,30,91,0
897,Voice of the Lord,8,70,0
898,Great Spider,24,48,1
899,Hunter Spider,48,78,1
900,Lord of Corruption,1,921,1
901,Black Dryad,5,111,0
902,Celestial Soldier,80,94,0
903,Celestial Servant,29,64,0
904,Demon of Heavenly Rivers,61,76,0
905,Jade Emperor,50,183,0
906,King of Deeper Earth,92,2376,1
907,Queen of the Deeps,85,1171,1
908,Queen of the Lake,71,483,1
909,King of Banefires,116,592,1
910,King of Magma,105,995,1
911,Queen of Thunder,156,653,1
912,Queen of Clouds,123,837,1
913,Vaetti Hag,3,39,0
914,Soulless Warrior,6,21,0
915,Soulless Warrior,9,22,0
916,Soulless Warrior,14,30,0
917,Soulless Warrior,20,32,0
918,Soulless Warrior,3,18,0
919,Soulless Warrior,1,19,0
920,Soulless Warrior,5,19,0
921,Soulless Warrior,4,22,0
922,Soulless Warrior,9,22,0
923,Warlock Apprentice,7,132,0
924,Iron Pig,38,35,0
925,Tarrasque,1419,853,0
926,Demon of Heavenly Fires,45,83,0
927,Noble,62,76,0
928,Heavy Footman,12,26,0
929,Heavy Footman,11,25,0
930,Khan,31,51,0
931,Ivy King,41,234,0
932,Woodland Spirit,10,25,0
933,King of Legends,49,553,0
934,Feathered Serpent,26,473,0
935,Priest King,26,445,0
936,Eagle Priest,33,131,0
937,Marshmaster,3,207,0
938,Barbarian Horseman,20,34,0
939,Barbarian Heavy Horseman,23,36,0
940,Master of the Five Elements,5,195,0
941,Celestial Master,1,213,0
942,Immortal,12,288,0
943,Immortal,56,566,0
944,Master With The Iron Crutch,5,379,0
945,Shade King,62,643,0
946,Lady of Spiders,26,317,0
947,Great Spider,26,208,0
948,Vanadrott,105,371,0
949,Raven Guard,20,34,0
950,VÃ¶lva,5,97,0
951,Harab Seraph,3,94,0
952,Hero,27,55,0
953,King Triumphant,30,95,0
954,Son of Titans,46,78,0
955,Asynja,94,218,0
956,Mother of Tuathas,72,242,0
957,Lord of The Desert Sun,111,298,0
958,Colossal Head,204,375,0
959,Pocket Knight,64,74,0
960,Pocket Lich,8,272,0
961,Titan of the Sea,64,243,0
962,Madman,1,13,0
963,Mad Priest,2,48,0
964,Lord of Fertility,60,226,0
965,Lord of Fertility,70,112,0
966,Formless Spawn,90,93,0
967,Hybrid,2,23,0
968,Hybrid,2,23,0
969,Hybrid,6,24,0
970,Hybrid,9,28,0
971,Hybrid Trooper,12,29,0
972,Hybrid Soldier,14,28,0
973,Ancient Kraken,302,447,0
974,Ichtyid,5,27,0
975,Ichtyid Warrior,11,27,0
976,Ichtyid Lord,15,32,0
977,Grand Thaumaturg,13,353,0
978,Great Black Bull,305,284,0
979,Great White Bull,313,289,0
980,Treelord,117,285,1
981,Dying Treelord,24,216,1
982,Clockwork Horror,21,35,0
983,Humanbred,12,28,0
984,Abysian Light Infantry,12,28,0
985,Abysian Light Infantry,12,28,0
986,Abysian Heavy Infantry,16,30,0
987,Abysian Heavy Infantry,15,29,0
988,Abysian Heavy Infantry,16,30,0
989,Abysian Heavy Infantry,13,27,0
990,Guardian of the Pyre,44,58,0
991,Newt,6,77,0
992,Abysian Commander,20,38,0
993,Slave of Belphegor,9,25,0
994,Eater of the Dead,528,336,1
995,Eater of the Dead,546,346,1
996,Eater of the Dead,662,416,1
997,Unfettered,708,445,1
998,Bane Lord,72,98,0
999,Wizard of the Crescent Moon,1,172,0
1000,Demon Jester,8,31,0
1001,Asmeg,0,0,1
1002,Asmeg Jarl,0,0,1
1003,Harab Elder,8,238,0
1004,Caelian Seraph,1,116,0
1005,Minotaur Manikin,8,33,0
1006,Carrion Beast,144,100,0
1007,Mad Deep One,3,19,0
1008,Fanatic Deep One,9,35,0
1009,Holy Deep One,5,55,0
1010,Svartalf,9,191,0
1011,Fortune Teller,4,65,0
1012,Member of the Second Tier,2,131,0
1013,Pikeneer,11,25,0
1014,Halberdier,13,27,0
1015,Infantry of Ulm,12,26,0
1016,Commander of Ulm,15,33,0
1017,Ranger of Ulm,11,25,0
1018,Ranger Captain,11,28,0
1019,Vampire Count,118,537,1
1020,Ghoul Guardian,30,41,0
1021,Ghoul Baron,40,179,0
1022,Thrall,1,18,0
1023,Illuminated One,2,62,0
1024,Member of the Third Tier,2,282,0
1025,Divine Glyph,14,86,0
1026,Carrion Dragon,189,248,0
1027,Carrion Lord,189,296,0
1028,Wolfherd,8,51,0
1029,Captain,13,29,0
1030,Admiral,17,35,0
1031,Chartmaker,5,66,0
1032,Royal Navigator,6,141,0
1033,Missionary,2,55,0
1034,Zweihander,21,35,0
1035,Blood Marshal,316,588,1
1036,Sauromancer,5,212,0
1037,War Troll,38,49,0
1038,Capricorn,33,367,0
1039,Capricorn,33,325,0
1040,Bishop Fish,1,59,0
1041,Ichtysatyr,10,29,0
1042,Ichtysatyr,10,28,0
1043,Ichtysatyr Soldier,13,29,0
1044,Ichtysatyr Soldier,13,29,0
1045,Mermidon,23,36,0
1046,Merman,5,25,0
1047,Merman,5,24,0
1048,Wave Warrior,14,28,0
1049,Wave Warrior,14,28,0
1050,Merman Scout,6,23,0
1051,Merman Scout,6,23,0
1052,Wave Lord,14,30,0
1053,Wave Lord,14,30,0
1054,Siren,4,136,0
1055,Siren,4,116,0
1056,Pelagian Militia,3,23,0
1057,Pelagian Soldier,15,28,0
1058,Hippocampus,8,19,0
1059,Knight of the Deeps,64,74,0
1060,Triton Knight,28,40,0
1061,Triton Prince,74,91,0
1062,Sea Stag,3,15,0
1063,Leocampus,13,21,0
1064,Sea Dog,5,16,0
1065,Merman,5,25,0
1066,Merman,5,24,0
1067,Merman Captain,6,26,0
1068,Merman Captain,6,25,0
1069,Pelagian Captain,19,33,0
1070,Philosopher,1,50,0
1071,Sceptic,20,37,0
1072,Engineer,8,50,0
1073,Maker of the Maze,17,258,0
1074,Wind Rider,63,73,0
1075,Wind Lord,69,119,0
1076,Myrmidon Champion,22,38,0
1077,Myrmidon,18,31,0
1078,Chariot,52,63,0
1079,Chariot Archer,77,88,0
1080,Archerless Chariot,52,63,1
1081,Chariot Commander,53,66,0
1082,Icarid,12,28,0
1083,Icarid Champion,15,33,0
1084,Moose,9,20,0
1085,Moose Riders,9,34,0
1086,Troll Moose Knight,60,68,0
1087,Large Ant,2,11,0
1088,Triton King,56,360,0
1089,Monster in the Maze,110,157,0
1090,Abysian Axe Thrower,13,29,0
1091,Sanguine Acolyte,5,75,0
1092,Sanguine Anathemant,13,175,0
1093,Sagittarian Carcass,38,62,0
1094,Desert Ranger,17,32,0
1095,Keeper of the Tombs,4,93,0
1096,Destroyer of Worlds,90,296,0
1097,Lord of The Summer Plague,76,250,0
1098,Asynja,105,263,0
1099,Poison Golem,68,106,0
1100,Leve,9,26,0
1101,Accensus,8,24,0
1102,Rorarus,11,25,0
1103,Hastatus,12,26,0
1104,Principe,15,29,0
1105,Triarius,19,31,0
1106,Lizard Auxiliare,14,29,0
1107,Equite,21,33,0
1108,Equite of the Sacred Shroud,53,64,0
1109,Flamen,1,75,0
1110,Pontifex,1,73,0
1111,Arch Bishop of the Sacred Shroud,9,80,0
1112,Bishop of the Sacred Shroud,3,73,0
1113,Acolyte,1,54,0
1114,Augur,4,80,0
1115,Augur Elder,5,213,0
1116,Markata,1,12,0
1117,Vanara,2,16,0
1118,Markata,1,12,0
1119,Markata Scout,2,12,0
1120,Markata Archer,1,12,0
1121,Atavi Archer,2,21,0
1122,Atavi Infantry,2,16,0
1123,Vanara Archer,6,20,0
1124,Vanara Chakram Thrower,9,23,0
1125,Vanara Infantry,9,23,0
1126,Vanara Swordsman,11,25,0
1127,Atavi Chieftain,5,23,0
1128,Vanara Captain,13,29,0
1129,Bandar,6,27,0
1130,Light Bandar Archer,8,29,0
1131,Bandar Archer,14,28,0
1132,Bandar Warrior,15,29,0
1133,Bandar Warrior,16,30,0
1134,Royal Swordsman,20,33,0
1135,Bandar Commander,22,40,0
1136,Bandar Noble,20,42,0
1137,???,0,0,1
1138,???,0,0,1
1139,Headless Hoburg Hero,32,42,0
1140,Tiger,10,19,0
1141,Tiger Rider,46,57,0
1142,White One,23,37,0
1143,Guru,1,182,0
1144,Rishi,1,373,0
1145,Yogi,1,66,0
1146,Brahmin,3,75,0
1147,War Elephant,109,81,0
1148,Eater of Gods,1062,612,1
1149,Eater of Gods,679,397,1
1150,Eater of Gods,313,191,1
1151,Slave to Unreason,3376,4894,1
1152,Axe Warrior,14,29,0
1153,Warrior,15,30,0
1154,Forest Warrior,17,31,0
1155,Mountain Warrior,18,31,0
1156,Iron Warrior,17,30,0
1157,Steel Warrior,40,53,0
1158,Warrior Chief,24,42,0
1159,Warrior Smith,15,93,0
1160,Shaman,24,101,0
1161,Antlered Shaman,24,201,0
1162,Archer,7,26,0
1163,Warrior Maiden,13,27,0
1164,Steel Maiden,18,32,0
1165,Shield Maiden,16,30,0
1166,Tomb Guard,39,53,0
1167,Lancer,25,39,0
1168,Raider,25,39,0
1169,Chieftain,29,53,0
1170,Sauromatian Lancer,29,41,0
1171,Sauromatian Raider,29,41,0
1172,Sauromatian Cataphract,37,49,0
1173,Sauromatian Manflayer,43,68,0
1174,Warrior Priestess,73,123,0
1175,Warrior Queen,78,96,0
1176,Androphag,65,75,0
1177,Manflayer,70,94,0
1178,Witch King,90,348,0
1179,Serpent,8,17,0
1180,Spirit Guide,1,49,0
1181,Enarie,3,136,0
1182,Hedge Wizard,9,53,0
1183,Androphag Archer,13,31,0
1184,Sauromatian Archer,11,30,0
1185,Oiorpata,64,74,0
1186,Warrior Sorceress,75,155,0
1187,Cataphract,20,33,0
1188,Soothsayer,8,53,0
1189,Mictlan Priest,3,57,0
1190,Priest King,24,187,0
1191,Rain Priest,3,125,0
1192,Moon Priest,4,126,0
1193,Sun Priest,4,129,0
1194,Couatl,26,285,0
1195,Hoburg Priest,5,55,0
1196,Hog Knight,16,29,0
1197,Burgmeister,8,32,0
1198,Horticulturist,3,51,0
1199,Winged Monkey,4,23,0
1200,Unfrozen Mage,37,229,0
1201,Unfrozen Lord,46,67,0
1202,Unfrozen Warrior,44,61,0
1203,Unfrozen,33,51,0
1204,Elder Druid,6,254,0
1205,Gutuater,9,90,0
1206,Vergobret,7,68,0
1207,Eponi Chieftain,39,65,0
1208,Eponi Knight,31,43,0
1209,Marverni Scout,10,26,0
1210,Marverni Horn Blower,8,28,0
1211,Marverni Slinger,7,27,0
1212,Marverni Javelineer,11,31,0
1213,Marverni Bare Chested Warrior,13,32,0
1214,Marverni Noble Warrior,20,34,0
1215,Marverni Chieftain,23,49,0
1216,Ambibate Bare Chested Warrior,14,33,0
1217,Ambibate Noble Warrior,22,36,0
1218,Ambibate Chieftain,24,50,0
1219,Carnute Bare Chested Warrior,16,35,0
1220,Carnute Noble Warrior,22,36,0
1221,Carnute Chieftain,23,49,0
1222,Boar Warrior,42,53,0
1223,Boar Lord,45,71,0
1224,Dire Wolf,13,22,0
1225,Sequani Stargazer,5,53,0
1226,Naiad,4,225,0
1227,Kydnid,18,32,0
1228,Pharmakeia,3,504,0
1229,Son of Fenrer,270,246,0
1230,Titan of the Forge,44,231,0
1231,Drakaina,95,247,0
1232,Old Man of the Sea,78,302,0
1233,Lord of the Waves,81,228,0
1234,Asp Turtle,172,115,0
1235,Leviathan,273,178,0
1236,Leviathan,273,175,0
1237,Hochmeister,64,122,0
1238,Ashigaru,9,23,0
1239,Samurai Archer,12,26,0
1240,Samurai,12,26,0
1241,Samurai,12,26,0
1242,Samurai,13,27,0
1243,O-ban,16,30,0
1244,Go-Hatamoto,20,33,0
1245,Aka-Oni Samurai,17,31,0
1246,Samurai Cavalry,25,37,0
1247,Sohei,29,43,0
1248,Yamabushi,28,43,0
1249,Gokenin,18,34,0
1250,Mounted Gokenin,26,40,0
1251,Hatamoto,26,42,0
1252,Daimyo,18,40,0
1253,Daimyo,27,47,0
1254,Shugenja,3,62,0
1255,Master Shugenja,3,116,0
1256,Shura,76,94,0
1257,Ninja,17,128,0
1258,Kannushi,1,51,0
1259,Onmyo-ji,4,109,0
1260,Ko-Oni,11,28,0
1261,Oni spirit,7,22,1
1262,Oni,19,38,0
1263,Oni Spirit,14,25,1
1264,Ao-Oni,21,40,0
1265,Oni Spirit,15,27,1
1266,Aka-Oni,21,41,0
1267,Oni Spirit,16,28,1
1268,Kuro-Oni,24,47,0
1269,Oni Spirit,19,31,1
1270,Ronin,9,27,0
1271,Maker of Ruins,572,337,1
1272,Oni,40,63,0
1273,Oni Spirit,29,42,1
1274,Kuro-Oni,49,72,0
1275,Oni Spirit,37,50,1
1276,Oni Shugo,137,297,0
1277,Oni Spirit,108,160,1
1278,Raptorian Warrior,14,28,0
1279,Iron Crow,19,33,0
1280,Earthbound,44,58,0
1281,Iron Crafter,2,54,0
1282,Caretaker,6,99,0
1283,Ice Crafter,2,55,0
1284,Spire Horn Seraph,3,55,0
1285,Iceclad,17,31,0
1286,Eagle King,57,374,0
1287,Tempest Warrior,15,30,0
1288,Sastar,19,38,0
1289,Airya Temple Guard,33,47,0
1290,Catoblepas,131,97,0
1291,Turtle Warrior,10,26,0
1292,Turtle Warrior,10,26,0
1293,Turtle Chief,14,32,0
1294,Turtle Chief,14,32,0
1295,Mermidon,23,36,0
1296,Erinya,271,410,1
1297,Erinya,289,426,1
1298,Erinya,271,409,1
1299,Jotun Jarl,89,146,0
1300,Jotun Gode,68,125,0
1301,Jotun Herse,78,94,0
1302,Jotun Bondi,25,42,0
1303,Jotun Warrior,30,47,0
1304,Jotun Warrior,34,51,0
1305,Jotun Hurler,29,46,0
1306,Jotun Huskarl,37,52,0
1307,Godihuskarl,42,56,0
1308,Jotun Hirdman,49,62,0
1309,Jotun Wolf,58,50,0
1310,Ulfhedin,95,116,0
1311,Bandit,10,24,0
1312,Bandit,10,24,0
1313,Bandit Leader,13,27,0
1314,Demon General,18,72,0
1315,Sorcerer,4,98,0
1316,Dai Oni,212,763,0
1317,Oni Spirit,161,257,1
1318,Naga,26,50,0
1319,Naga Warrior,45,56,0
1320,Nagaraja,60,235,0
1321,Nagarishi,39,420,0
1322,Nagini,30,333,0
1323,Nagaraja,60,197,0
1324,Nagarishi,39,336,0
1325,Nagini,30,315,0
1326,Guhyaka,25,54,0
1327,Yavana,34,63,0
1328,Yavana Archer,22,50,0
1329,Yaksha,38,283,0
1330,Yakshini,25,260,0
1331,Kinnara,36,272,0
1332,Apsara,30,58,0
1333,Bandar Warrior,10,31,0
1334,Bandar Commander,21,39,0
1335,Gandharva,62,80,0
1336,Devata,102,459,0
1337,Siddha,20,319,0
1338,Celestial Hound,52,47,0
1339,Nyorai,190,407,0
1340,Tiwaz of War,81,206,0
1341,Devi of Darkness,109,298,0
1342,Titan of Rivers,44,500,0
1343,Titan of Love,60,232,0
1344,Devi of Good Fortunes,290,535,0
1345,Celestial General,92,221,0
1346,Colossal Fetish,182,384,0
1347,Sirrush,138,104,0
1348,Titan of Serpents and Medicine,203,425,0
1349,Devourer of Souls,377,353,0
1350,Bandar Swordsman,14,30,0
1351,Light Bandar Warrior,14,30,0
1352,Entrance Guard,22,36,0
1353,Blood Guard,18,29,0
1354,Agarthan Heavy Infantry,13,27,0
1355,Agarthan Infantry,12,26,0
1356,Ozelotl,69,60,0
1357,Beast Bat,26,34,0
1358,Monster Toad,161,115,0
1359,Jaguar Toad,62,52,0
1360,Onaqui,104,1660,0
1361,Nahualli,3,116,0
1362,Turkey,3,119,0
1363,Ancestral Spirit,8,24,0
1364,Jade Lizard,9,19,0
1365,Lizard Chariot,61,73,0
1366,Lizard Heir,119,173,0
1367,Angel of the Heavenly Choir,46,121,0
1368,Seraph,546,2214,0
1369,Angel of Fury,182,231,0
1370,Volla of the Bountiful Forest,34,476,0
1371,Titan of Death and Rebirth,69,216,0
1372,Annunaki of the Sky,121,359,0
1373,Annunaki of Sweet Waters,258,568,0
1374,Annunaki of the Morning Star,61,202,0
1375,Spenta of Sky and Metals,190,854,1
1376,Spenta of Animals,171,713,1
1377,Spenta of Fire,473,1266,1
1378,Lord of the Forest,69,213,0
1379,Keeper of the Bridge,128,261,0
1380,Great Hawk,6,17,0
1381,Great Eagle,47,43,0
1382,Abductor,220,903,0
1383,Great Eagle,220,751,0
1384,Solar Disc,76,260,0
1385,Legatus Legionis,17,39,0
1386,Legatus Legionis,17,39,0
1387,Reborn,2,94,0
1388,Ziz,83,69,0
1389,Blood Lord,21,32,0
1390,Bakemono-Sho,7,22,0
1391,Bakemono Archer,2,17,0
1392,Bakemono Warrior,10,25,0
1393,Bakemono-Sho,4,22,0
1394,Bakemono-Sho,6,24,0
1395,Bakemono Archer,2,19,0
1396,Dai Bakemono,29,43,0
1397,Dai Bakemono,27,41,0
1398,Bakemono General,36,54,0
1399,O-bakemono,20,39,0
1400,Defender,21,35,0
1401,Polypal Mother,43,113,0
1402,Polypal Queen,124,186,0
1403,Giboleth,19,21,0
1404,Polypal Spawn,4,11,0
1405,Goat Sun,196,1141,1
1406,Visitor,252,526,1
1407,Hunter of Heroes,322,213,1
1408,Ichtycentaur,23,38,0
1409,Ichtycentaur,23,36,0
1410,Ichtycentaur Cataphract,29,45,0
1411,Ichtycentaur Cataphract,29,45,0
1412,Amphiptere,46,44,0
1413,Trident Lord,0,0,1
1414,Trident Lord,0,0,1
1415,Pelagian Mermage,5,69,0
1416,Pelagian Mermage,5,68,0
1417,Amber Clan Mage,10,149,0
1418,Amber Clan Priest,13,71,0
1419,Amber Clan Guard,20,33,0
1420,King of Rain,45,373,0
1421,Rain Priest,7,157,0
1422,Civateteo,56,276,0
1423,Rain Warrior,29,46,0
1424,Sun Priest,4,195,0
1425,Troll Guard,56,71,0
1426,Crowned Ape,26,259,0
1427,Bakemono Sorcerer,43,374,0
1428,Bakemono Kunshu,100,244,0
1429,Uba,16,136,0
1430,Ghost Cat,16,147,0
1431,Nushi,9,187,0
1432,Hannya,17,251,0
1433,Kitsune,5,190,0
1434,Kitsune,5,183,0
1435,Swamp Serpent,9,195,0
1436,Noppera-bo,9,106,0
1437,Blindfighter,37,51,0
1438,Ktonian Necromancer,9,241,0
1439,Iron Corpse,18,36,0
1440,Iron Ancestor,35,57,0
1441,Flame Corpse,23,44,0
1442,Attendant of the Dead,1,92,0
1443,Servant of the Oracles,8,134,0
1444,Blindlord,42,60,0
1445,Cave Captain,15,33,0
1446,Gate Lord,24,46,0
1447,Agarthan Light Infantry,10,25,0
1448,Agarthan Scout,5,19,0
1449,Agarthan Sapper,8,23,0
1450,Cave Knight,64,74,0
1451,Drake Lord,48,67,0
1452,Pale One Militia,2,24,0
1453,Pale One Warrior,12,26,0
1454,Unused Ancient One,9,44,0
1455,Ancient Wet One,22,57,0
1456,Seal Guard,60,74,0
1457,Oracle of Subterranean Waters,30,327,0
1458,Earth-Blooded,54,539,0
1459,Oracle of the Ancients,34,313,0
1460,Earth Reader,15,143,0
1461,Troglodyte Lord,81,93,0
1462,Cavern Guard,16,30,0
1463,Pale One Commander,18,34,0
1464,Pale One Warrior,9,27,0
1465,Pale One,6,28,0
1466,Pale One Scout,12,28,0
1467,Oracle of Subterranean Fires,30,327,0
1468,Oracle of the Dead,30,328,0
1469,Ancient One,42,59,0
1470,Ancient Lord,50,82,0
1471,Pale One Captain,19,45,0
1472,Pale One Soldier,12,27,0
1473,Earth Reader,10,78,0
1474,Golem Crafter,6,163,0
1475,Attendant of the Oracles,1,55,0
1476,Tomb Oracle,96,662,0
1477,Kokythiad,10,287,0
1478,Karasu Tengu,35,58,0
1479,Konoha Tengu,29,52,0
1480,Dai Tengu,44,298,0
1481,Tengu Warrior,38,52,0
1482,Kappa,13,35,0
1483,Tzitzimitl,102,140,0
1484,Tlaloque of the East,81,722,1
1485,Tlaloque of the South,81,722,1
1486,Tlaloque of the West,81,722,1
1487,Tlaloque of the North,81,722,1
1488,Ancient Stone Hurler,36,71,0
1489,Wet One,5,26,0
1490,Umbral,72,120,0
1491,Wet One,5,27,0
1492,Spenta of Plants,143,740,1
1493,Spenta of Waters,97,494,1
1494,Spenta of the Earth,99,562,1
1495,Ancient Stone Hurler,44,67,0
1496,Sentinel,124,194,0
1497,Attentive Statue,48,85,0
1498,Granite Guardian,231,350,0
1499,Marble Oracle,247,437,0
1500,Sepulchral,131,142,0
1501,Cavern Wight,39,50,0
1502,Helkarl,88,153,0
1503,Helhirding,75,86,0
1504,Mounted Hirdman,41,53,0
1505,Vanherse,83,146,0
1506,Vanjarl,103,270,0
1507,Dis,120,220,0
1508,Huskarl,21,37,0
1509,Huskarl,20,35,0
1510,Hirdman,25,39,0
1511,Vanadis,163,470,0
1512,Van Scout,23,33,0
1513,Vanhere,51,65,0
1514,Shaman,14,95,0
1515,Slave Trooper,3,23,0
1516,Slave Trooper,3,23,0
1517,Slave Trooper,5,26,0
1518,Slave Mage,4,140,0
1519,Slave Mage,4,139,0
1520,Aboleth,36,208,0
1521,Mind Lord,56,348,0
1522,Gibodai,30,30,0
1523,Slave Prince,35,56,0
1524,Slave Guardian,7,22,0
1525,Slave Guardian,7,22,0
1526,Slave Guardian,13,27,0
1527,Slave Priest,7,60,0
1528,Slave Priest,7,59,0
1529,Slave Troll,44,58,0
1530,Kappa Mage,16,69,0
1531,Kappa Chief,22,47,0
1532,Satyr Warrior,13,32,0
1533,Minotaur Warrior,62,81,0
1534,Minotaur Lord,67,88,0
1535,Pan,24,434,0
1536,Anointed of Rhuax,42,382,0
1537,Demonbred,49,162,0
1538,Warlock,9,132,0
1539,Ghost Mage,36,192,0
1540,Ghost Mage,36,192,0
1541,Ghost Champion,63,96,0
1542,Warlock Apprentice,6,59,0
1543,Burning One,68,82,0
1544,Warrior of the Five Elements,40,61,0
1545,Warrior,6,22,0
1546,Warrior,10,26,0
1547,Warrior,12,26,0
1548,Feathered Warrior,13,27,0
1549,Shuten-doji,31,58,0
1550,Kappa,13,35,0
1551,Phalangite,14,27,0
1552,Phalangite Commander,17,34,0
1553,Agema Companion,31,43,0
1554,Agema Commander,37,62,0
1555,War Elephant,123,83,0
1556,Cerulean Warrior,18,32,0
1557,Sibyl,5,162,0
1558,Tlahuelpuchi,17,306,0
1559,Dog,17,256,0
1560,Dog,2,12,0
1561,Father of Winters,101,269,0
1562,Void Spectre,39,402,0
1563,Void Cultist,2,55,0
1564,Mad Cultist,3,49,0
1565,Peasant,1,15,0
1566,Mad One,3,19,0
1567,Mad Merman,1,16,0
1568,Mad Merman,1,15,0
1569,Mad Triton,3,18,0
1570,Human Dreamer,1,20,0
1571,Deep One Dreamer,4,24,0
1572,Merman Dreamer,2,21,0
1573,Merman Dreamer,2,21,0
1574,Triton Dreamer,4,23,0
1575,Hybrid Cultist,26,82,0
1576,Mad Hybrid,6,20,0
1577,Ancestor Vessel,58,69,0
1578,Axeman,11,25,0
1579,Red Devil,21,53,0
1580,Son of the Dragon King,32,139,0
1581,Risen Oracle,120,313,0
1582,Guardian of the Tree,28,287,0
1583,Maker of Heroes,26,245,0
1584,Son of Steel,62,76,0
1585,Fallen,51,239,0
1586,Pontifex Maximus,2,198,0
1587,Primate,9,89,0
1588,Wanderer,4,398,0
1589,Man Eater,106,521,0
1590,Ageless Olm,104,178,0
1591,Spy,9,38,0
1592,Bear Tribe Warrior,8,25,0
1593,Bear Tribe Warrior,7,24,0
1594,Deer Tribe Warrior,7,25,0
1595,Deer Tribe Archer,4,22,0
1596,Wolf Tribe Shaman,16,47,0
1597,Bear Tribe Shaman,18,50,0
1598,Deer Tribe Shaman,17,49,0
1599,Machaka Warrior,5,26,0
1600,Lion Tribe Warrior,6,27,0
1601,Lion Tribe Archer,1,19,0
1602,Lion Tribe Witch Doctor,7,40,0
1603,Human Huskarl,10,25,0
1604,Human Huskarl,10,25,0
1605,Herse,16,32,0
1606,Mage Engineer,10,130,0
1607,Yazad,65,83,0
1608,Bakemono Shaman,11,54,0
1609,Demon Priest,1,51,0
1610,Jaguar Tribe Slinger,2,23,0
1611,Jaguar Tribe Warrior,7,22,0
1612,Jaguar Tribe Priest,4,52,0
1613,Toad Tribe Warrior,7,25,0
1614,Toad Tribe Shaman,6,47,0
1615,Caveman,13,36,0
1616,Caveman Champion,18,37,0
1617,Seal Hunter,9,25,0
1618,Angakok,47,364,0
1619,Slave Guardian,9,25,0
1620,Reef Warrior,15,32,0
1621,Atlantian Infantry,12,27,0
1622,Coral Guard,17,31,0
1623,Tungalik,21,111,0
1624,Tupilak,50,47,0
1625,Snow Warrior,14,28,0
1626,Snow Warrior,15,29,0
1627,Ice Warrior,24,38,0
1628,Ice Guard,28,42,0
1629,Ice Guard,25,39,0
1630,Arssartut,37,53,0
1631,Tent Owner,13,27,0
1632,Snow Captain,19,37,0
1633,Ice Captain,25,47,0
1634,Kivigtok,64,212,0
1635,Wet One,9,24,0
1636,Wet One,9,26,0
1637,Wet One Captain,11,28,0
1638,Wet One Captain,11,30,0
1639,Cultist,5,55,0
1640,Cultist,1,56,0
1641,Tower Knight,28,40,0
1642,Tower Guard,17,31,0
1643,Magister of Theology,1,61,0
1644,Magister,6,98,0
1645,Judge,21,74,0
1646,Magister Arcane,1,144,0
1647,Bishop,6,60,0
1648,Warden,40,54,0
1649,Scorpion Man,198,168,0
1650,Oreiad,8,497,0
1651,Jotun Werewolf,54,81,1
1652,Jotun Werewolf,97,250,0
1653,Jotun Wolf,97,148,0
1654,Lictor,34,48,0
1655,Censor,48,62,0
1656,Smoulderghost,19,45,0
1657,Longdead Triarius,14,28,0
1658,Longdead Principe,13,27,0
1659,Tomb Chariot,47,59,0
1660,Reassembled Prince,470,753,0
1661,Misbred,19,42,0
1662,Disease Demon,72,111,0
1663,Harab Seraph,3,105,0
1664,Monster Fish,59,56,0
1665,Noble Commander,64,78,0
1666,Lord Warden,43,95,0
1667,Warlock,57,644,0
1668,Corruptor,57,782,0
1669,Sauromatian Amazon,16,31,0
1670,Heart Hider,77,218,0
1671,Ghost General,87,206,0
1672,Master of the Shadow Blossom,18,318,0
1673,Devourer of Demons,29,122,0
1674,Unwinged,57,125,0
1675,Agarthan Light Crossbowman,8,25,0
1676,Agarthan Crossbowman,10,24,0
1677,Agarthan Heavy Crossbowman,11,25,0
1678,Ancient Olm,64,354,0
1679,Serf Warrior,6,23,0
1680,Scout,4,21,0
1681,Atlantian Spearman,7,25,0
1682,Reef Dweller,11,27,0
1683,Shambler,12,35,0
1684,War Shambler,18,37,0
1685,Coral Guard,30,44,0
1686,Deep One,5,27,0
1687,Deep One Spearman,7,30,0
1688,Shambler of the Deep,19,44,0
1689,Warrior of the Deep,23,49,0
1690,Living Pillar,64,78,0
1691,Mind Lord,64,450,0
1692,Mage of the Deep,16,162,0
1693,Mother of the Deep,23,84,0
1694,Coral Priest,9,62,0
1695,Basalt Queen,83,180,0
1696,Merman Priest,1,48,0
1697,Merman Priest,1,47,0
1698,Anathemant Salamander,13,138,0
1699,Anathemant Dragon,21,243,0
1700,Shambler Chief,13,38,0
1701,Coral Commander,33,51,0
1702,Basalt King,91,474,0
1703,Mournful,20,35,0
1704,Centaur Warrior,29,45,0
1705,Great Ape,6,27,0
1706,Ape Oracle,10,59,0
1707,Raptorian Militia,5,23,0
1708,Consort of the Dead,2,356,0
1709,Ancestor Smith,42,193,0
1710,Spirit Master,34,171,0
1711,Ancestor Guide,35,171,0
1712,Celestial Master,1,163,0
1713,Devala,317,600,0
1714,Dakini,66,414,0
1715,Pisacha,11,33,0
1716,Soulless Bandar,1,20,0
1717,Soulless Bandar Warrior,5,26,0
1718,Soulless Bandar Warrior,12,27,0
1719,Longdead Bandar,5,25,0
1720,Longdead Bandar,10,29,0
1721,Longdead Bandar Warrior,16,30,0
1722,Longdead Bandar Warrior,16,29,0
1723,Longdead Raja,25,39,0
1724,Soulless Vanara,1,15,0
1725,Soulless Vanara Warrior,4,22,0
1726,Soulless Vanara Warrior,8,21,0
1727,Longdead Vanara,1,19,0
1728,Longdead Vanara Warrior,5,24,0
1729,Longdead Vanara Warrior,10,25,0
1730,Longdead Vanara Commander,16,27,0
1731,Soulless Markata,1,14,0
1732,Longdead Markata,1,13,0
1733,Raktapata,14,111,0
1734,Yogini,11,146,0
1735,Kala-Mukha,29,216,0
1736,Rakshasa,42,73,0
1737,Rakshasa Warrior,62,80,0
1738,Raksharaja,86,437,0
1739,Rakshasi,43,411,0
1740,Manushya Rakshasi,43,461,0
1741,Asrapa,37,105,0
1742,Praghasa,44,78,0
1743,Sandhyabala,72,89,0
1744,Samanishada,92,187,0
1745,Asara,44,78,0
1746,Anusara,40,72,0
1747,Palankasha,59,80,0
1748,Mandeha,216,1079,0
1749,Fir Bolg Militia,9,28,0
1750,Fir Bolg Champion,15,34,0
1751,Sidhe Warrior,22,42,0
1752,Sidhe Champion,46,142,0
1753,Tuatha Warrior,50,66,0
1754,Ri,110,370,0
1755,Fir Bolg Scout,16,29,0
1756,Fir Bolg Warrior,13,30,0
1757,Fir Bolg Warrior,14,31,0
1758,Fir Bolg Slinger,4,23,0
1759,Sidhe Lord,92,257,0
1760,Bandaraja,20,42,0
1761,Bandar Commander,21,39,0
1762,Bandar Warrior,14,30,0
1763,Kala-Mukha Warrior,41,53,0
1764,Gana,11,36,0
1765,Possessed Corpse,39,51,0
1766,Vetala,24,40,1
1767,Danava,257,504,0
1768,Barghest,38,39,0
1769,Black Dog,10,18,0
1770,Cu Sidhe,28,33,0
1771,Mounted Scout,18,29,0
1772,Olm Spawn,56,207,0
1773,Tuatha Sorceress,36,330,0
1774,Bean Sidhe,21,159,0
1775,Baobhan Sidhe,16,232,0
1776,Bean Sidhe,23,252,0
1777,Fir Bolg Hero,23,44,0
1778,Hero,104,118,0
1779,Milesian Slinger,1,17,0
1780,Milesian Spearman,10,25,0
1781,Milesian Longspear,9,24,0
1782,Milesian Swordsman,12,26,0
1783,Milesian Champion,16,32,0
1784,Milesian Monk,1,46,0
1785,Fir Bolg Slinger,4,23,0
1786,Fir Bolg,13,30,0
1787,Fir Bolg,14,31,0
1788,Fir Bolg Champion,15,34,0
1789,Milesian Scout,5,19,0
1790,Nemedian Warrior,28,44,0
1791,Nemedian Champion,55,153,0
1792,Nemedian Sorceress,20,215,0
1793,Nemedian Queen,38,530,0
1794,Last Partholonian,52,657,0
1795,Partholonian Sorceress,70,1222,0
1796,Fomorian Militia,9,31,0
1797,Fomorian Javelinist,21,39,0
1798,Fomorian Spearman,21,39,0
1799,Fomorian Warrior,31,45,0
1800,Fomorian Champion,40,56,0
1801,Fomorian Giant,95,118,0
1802,Fomorian King,118,496,0
1803,Uncursed,148,512,0
1804,High King,266,923,0
1805,Long Handed,108,616,0
1806,Fianna,54,86,0
1807,Great Boar,65,53,0
1808,Iron Boar,93,69,0
1809,Great Boar of Carnutes,177,1008,0
1810,Longdead Partholonian,42,59,0
1811,Fir Bolg Scout,16,29,0
1812,Fir Bolg Warrior,13,30,0
1813,Fir Bolg Warrior,14,31,0
1814,Fir Bolg Slinger,4,23,0
1815,Fir Bolg Champion,15,34,0
1816,Fomorian Scout,33,45,0
1817,Unmarked,64,78,0
1818,Unmarked Champion,80,136,0
1819,Fomorian Druid,39,176,0
1820,Fir Bolg Militia,9,28,0
1821,Morrigan,105,121,0
1822,Daughter of Typhon,1215,886,1
1823,Daughter of Typhon,1184,869,1
1824,Daughter of Typhon,1145,848,1
1825,Daughter of Typhon,1114,831,1
1826,Daughter of Typhon,1073,808,1
1827,Daughter of Typhon,1040,790,1
1828,Daughter of Typhon,995,766,1
1829,Daughter of Typhon,960,747,1
1830,Daughter of Typhon,1039,828,1
1831,Hydra,72,69,0
1832,Hydra,69,66,1
1833,Hydra,65,64,1
1834,Hydra,60,62,1
1835,Hydra,68,71,1
1836,Ko-Oni,11,28,0
1837,Oni spirit,7,22,1
1838,???,0,0,1
1839,???,0,0,1
1840,Hydra Hatchling,16,26,0
1841,Hydra Hatchling,16,26,1
1842,Hydra Hatchling,20,30,1
1843,Antlered One,77,109,0
1844,Trainer of Heroes,85,343,0
1845,Bakemono Chief,12,28,0
1846,Onyx Oracle,331,937,0
1847,Decrepit,16,376,0
1848,Mason of the Underworld,8,359,0
1849,Blinded,7,350,0
1850,Hydra,122,110,0
1851,Hydra,116,106,1
1852,Hydra,109,102,1
1853,Hydra,102,98,1
1854,Hydra,115,113,1
1855,???,0,0,1
1856,???,0,0,1
1857,???,0,0,1
1858,???,0,0,1
1859,Hydra Hatchling,26,38,0
1860,Hydra Hatchling,26,38,1
1861,Hydra Hatchling,33,45,1
1862,Milite,8,24,0
1863,Limitane,13,27,0
1864,Limitane Primani,15,29,0
1865,Limitane Solaris,17,31,0
1866,Primani Solaris,19,33,0
1867,Comitatense,18,32,0
1868,Palatine,21,35,0
1869,Centurion,15,33,0
1870,Tribuni,25,53,0
1871,Magister Militum,15,37,0
1872,Leo,18,59,0
1873,Heliodromus,1,68,0
1874,Theurg,9,95,0
1875,Epoptes,1,70,0
1876,Mystes,1,38,0
1877,Renata,1,88,0
1878,Renatus,5,99,0
1879,Serpent Assassin,54,177,0
1880,Reveler,1,23,0
1881,Satyr,14,118,0
1882,Moon Warrior,14,28,0
1883,Moon Warrior,15,29,0
1884,Priest King,40,419,0
1885,Feathered Serpent,40,429,0
1886,Priest King,28,418,0
1887,Feathered Serpent,28,432,0
1888,Sky Priest,14,80,0
1889,Jade Serpent,67,59,0
1890,Apothecary,1,59,0
1891,Alchemist of the Five Elements,1,63,0
1892,Imperial Alchemist,1,222,0
1893,Imperial Geomancer,4,76,0
1894,Minister of Magic,2,64,0
1895,Ceremonial Master,1,50,0
1896,Lawgiver,22,139,0
1897,Feathered Serpent,22,145,0
1898,Fomorian Sorcerer,36,130,0
1899,Fomorian God King,108,280,0
1900,Imperial City Guard,16,30,0
1901,Medium Footman,10,25,0
1902,Ministry Guardsman,12,27,0
1903,Ministry Footman,11,26,0
1904,Medium Footman,10,25,0
1905,Great Sorceress,24,112,0
1906,Rudra,161,940,0
1907,High Priest of the Sky,29,182,0
1908,Huli Jing,6,193,0
1909,Huli Jing,6,184,0
1910,Monster Boar,101,70,0
1911,Defiler of Dreams,235,150,0
1912,Brigand Leader,10,28,0
1913,Abomination of Desolation,573,1755,1
1914,Apostate Raja,53,191,0
1915,Red Tengu,43,67,0
1916,Veliki Knyaz,34,64,0
1917,Knyaz,26,53,0
1918,Voivode,13,29,0
1919,Fivefold Angel,7,144,0
1920,Skopets,5,61,0
1921,Khlyst,4,29,0
1922,Grid Druzhina,21,33,0
1923,Malaia Druzhina,33,43,0
1924,Styag,17,30,0
1925,Black Hood,14,28,0
1926,Peshtsi City Guard,13,27,0
1927,Peshtsi Axeman,11,25,0
1928,Peshtsi Spearman,10,24,0
1929,Voi Spearman,8,24,0
1930,Voi Axeman,8,24,0
1931,Voi Archer,1,19,0
1932,Alchemist,1,105,0
1933,Kalendologist,3,96,0
1934,Occultist,1,97,0
1935,Astrapelagist,2,118,0
1936,Master of Names,2,125,0
1937,Starets,2,236,0
1938,Vyedun,8,142,0
1939,Vyedma,7,110,0
1940,Zmey,50,42,0
1941,Cloud Vila,19,531,0
1942,Mountain Vila,51,549,0
1943,Alkonost,14,80,0
1944,Gamayun,11,216,0
1945,Sirin,2,61,0
1946,Firebird,27,27,0
1947,Simargl,19,24,0
1948,Bukavac,164,107,0
1949,Leshiy,214,419,0
1950,Leshiy,214,727,0
1951,Great Forest Bear,214,251,0
1952,Likho,1,1,0
1953,Vodyanoy,2,177,0
1954,Rusalka,2,189,0
1955,Beregina,2,230,0
1956,Lady Midday,13,62,0
1957,Bogatyr,80,145,0
1958,Hag,33,385,0
1959,Deathless,37,514,0
1960,Exarch,3,54,0
1961,Eparch,3,53,0
1962,Patriarch,9,332,0
1963,Bakemono Scout,3,14,0
1964,Slayer Newt,35,126,0
1965,Slayer Worm,53,196,0
1966,Slayer Anathemant,53,282,0
1967,Slayer Sanguine,51,306,0
1968,Slayer Dragon,85,589,0
1969,Anathemant Salamander,13,175,0
1970,Anathemant Dragon,21,244,0
1971,Smoulderghost,32,69,0
1972,Warbred,28,42,0
1973,Black Priest,4,91,0
1974,Black Acolyte,1,56,0
1975,Iron Angel,181,191,0
1976,Longdead Giant,8,29,0
1977,Fossilized Giant,44,56,0
1978,Dust Priest,58,407,0
1979,Dust King,77,104,0
1980,Dust Warrior,40,59,0
1981,Dust Walker,37,55,0
1982,Priest Smith,17,158,0
1983,Green Lion,81,66,0
1984,Levite Priest,4,55,0
1985,Nabi,11,62,0
1986,Kohen,15,105,0
1987,Kohen Gadol,71,272,0
1988,Yeddeoni,14,112,0
1989,Levite Zealot,23,37,0
1990,Asherite Soldier,16,30,0
1991,Gadite Swordsman,15,29,0
1992,Zebulunite Soldier,13,26,0
1993,Naphtali Spearman,10,26,0
1994,Reubenite Archer,1,19,0
1995,Iassacharite Scout,2,18,0
1996,Benjaminite Slinger,9,26,0
1997,Iassacharite Sage,1,62,0
1998,Fossil Warrior,42,54,0
1999,Gittite Soldier,26,40,0
2000,Gibbor,75,89,0
2001,Seren,101,163,0
2002,Gittite Commander,32,50,0
2003,Human Slinger,1,17,0
2004,Human Slave,2,21,0
2005,Edomite,16,31,0
2006,Amorite,35,50,0
2007,Gileadite,34,48,0
2008,Bashanite,41,55,0
2009,Rephaite Commander,48,66,0
2010,Edomite Scout,21,31,0
2011,Zamzummite,40,269,0
2012,Abba,21,143,0
2013,Acha,13,130,0
2014,Ammi,8,68,0
2015,Avvite Spearman,25,39,0
2016,Qedesim,3,57,0
2017,Qedesot,3,58,0
2018,Horite,12,34,0
2019,Horite Champion,20,38,0
2020,Horite Shaman,19,94,0
2021,Avvite Light Infantry,23,40,0
2022,Avvite Swordsman,25,39,0
2023,Avvite Commander,29,47,0
2024,Avvite Scout,27,40,0
2025,Sheshai Anakite,110,124,0
2026,Ahiman Anakite,122,136,0
2027,Adon,137,231,0
2028,Talmai Elder,42,224,0
2029,Kohen,38,102,0
2030,Rephaite Warrior,111,125,0
2031,Melqart,165,440,0
2032,Ba'al,80,303,0
2033,Kohen,51,147,0
2034,Horite Hunter,14,32,0
2035,Avvite Charioteer,90,99,0
2036,Avvite Horn Blower,16,33,0
2037,Dawn Guard,32,45,0
2038,Emite,24,95,0
2039,Malik,605,1080,0
2040,Longdead Rephaite,11,34,0
2041,Longdead Rephaite,19,43,0
2042,Longdead Rephaite,26,41,0
2043,Longdead Rephaite,30,41,0
2044,Longdead Rephaite,32,43,0
2045,Ditanu,287,394,0
2046,Malik,632,1739,0
2047,First Son of Anak,129,387,0
2048,Second Son of Anak,121,431,0
2049,Third Son of Anak,63,450,0
2050,Zebulunite Horn Blower,7,21,0
2051,Ophan,913,638,0
2052,Chayot,773,1592,0
2053,Chayot,773,1592,0
2054,Chayot,773,1679,0
2055,Chayot,773,1694,0
2056,Malakh,37,99,0
2057,Hashmal,239,277,0
2058,Arel,90,379,0
2059,Avvite Heavy Archer,19,33,0
2060,Rephaite Sage,11,98,0
2061,Gileadite Archer,29,43,0
2062,Grigori,817,4482,1
2063,Grigori,395,2920,1
2064,Grigori,355,2642,1
2065,Grigori,355,2642,1
2066,Grigori,355,2328,1
2067,Grigori,355,2642,1
2068,Dusk Elder,61,533,0
2069,Iassacharite Sibyl,3,71,0
2070,Sibyl of Hermon,7,373,0
2071,Lilot,24,97,0
2072,Mazzik,7,28,0
2073,Shed,64,96,0
2074,Se'ir,53,84,0
2075,Nephil,118,434,0
2076,Son of Azazel,196,741,0
2077,Son of Semyaza,181,746,0
2078,Son of Ezekiel,206,765,0
2079,Son of Shamshiel,128,609,0
2080,Son of Kokabel,156,663,0
2081,Son of Arakiel,131,616,0
2082,Son of the Fallen,126,346,0
2083,Forgiving Father,17,159,0
2084,Merciful Mother,24,85,0
2085,Once and Future Queen,115,234,0
2086,Sleeping Pillar,67,81,0
2087,Unsleeping,29,43,0
2088,Unsleeping Consort,60,113,0
2089,Jigami,29,151,0
2090,Horse-face,53,67,0
2091,Ox-head,57,71,0
2092,Shikigami,1,14,0
2093,Mori-no-kami,27,129,0
2094,Mori-no-kami,27,247,0
2095,Ujigami,83,154,0
2096,Kenzoku,115,133,0
2097,Yama-no-kami,105,299,0
2098,Monk of the Fivefold Path,1,48,0
2099,Tatsu,84,114,0
2100,Shikome,47,76,0
2101,Shrimp Soldier,18,32,0
2102,Crab General,35,49,0
2103,Shark Warrior,31,41,0
2104,Ryujin,139,286,0
2105,Ryujin,139,337,0
2106,Kaijin,63,209,0
2107,Troubadour,8,113,0
2108,Crossbowman,11,27,0
2109,City Guard,7,23,0
2110,Pikeneer,10,24,0
2111,Halberdier,12,26,0
2112,Swordsman,14,28,0
2113,Palace Guard,19,33,0
2114,Hand of Justice,30,44,0
2115,Royal Guard,25,37,0
2116,Lieutenant,12,29,0
2117,Imperial Commander,21,34,0
2118,Satyr Commander,22,36,0
2119,Soulless Warrior,12,23,0
2120,Longdead,5,25,0
2121,Longdead,10,24,0
2122,Longdead Hoplite,12,26,0
2123,Longdead,10,26,0
2124,Longdead,13,27,0
2125,Shadow,14,33,0
2126,Pygmy,1,15,0
2127,Forester,9,21,0
2128,Knight Commander of Avalon,37,53,0
2129,Logrian Cavalry,19,32,0
2130,Manticore,97,79,0
2131,Gryphon,28,30,0
2132,Leogryph,14,22,0
2133,Lioness,9,19,0
2134,Terracotta Soldier,16,43,0
2135,Ogre,21,38,0
2136,Great Boar,40,35,0
2137,Urmahlullu,135,195,0
2138,Sphinx,122,183,0
2139,Jarl,19,41,0
2140,Gode,16,65,0
2141,Ergi,10,57,0
2142,Nithing,0,0,1
2143,Werewolf,22,45,1
2144,Galdramathr,29,48,0
2145,Werewolf,22,45,1
2146,Seithberender,12,30,0
2147,Seithmathr,0,0,1
2148,Archer,1,19,0
2149,Gode,17,63,0
2150,Herse,16,32,0
2151,Battle Deacon,23,69,0
2152,Limitane Standard,14,28,0
2153,War Dog,3,11,0
2154,Satyr Commander,23,37,0
2155,Stymphalian Bird,2,8,0
2156,Centauride,13,34,0
2157,Centauride Warrior,23,40,0
2158,Centauride Hierophantide,28,101,0
2159,Gelatinous Cube,118,89,0
2160,Enkidu,6,26,0
2161,Enkidu Scout,12,28,0
2162,Enkidu,11,30,0
2163,Enkidu Archer,10,30,0
2164,Enkidu Warrior,13,33,0
2165,Enkidu Warrior,13,32,0
2166,Enkidu Chief,13,36,0
2167,Enkidu Shaman,18,258,0
2168,Enkidu Hunter,19,38,0
2169,Enkidu Hunter Chief,23,42,0
2170,Enkidu Head Hunter,23,43,0
2171,Enkidu Bone Reader,21,109,0
2172,Enkidu Soldier,14,34,0
2173,Enkidu Horn Blower,11,30,0
2174,Enkidu Spear Guard,15,33,0
2175,Ur-Guard,19,38,0
2176,Enki's Chosen,40,57,0
2177,Enkidu Commander,20,40,0
2178,Enkidu Elder,17,41,0
2179,Sal-Me,21,120,0
2180,Ishib,27,161,0
2181,Ensi,37,235,0
2182,Gala,4,87,0
2183,Enkidu Reaver,20,40,0
2184,Enkidu Slave,1,19,0
2185,Crocodile,8,18,0
2186,Sacred Crocodile,42,47,0
2187,Dryad,12,247,0
2188,Ancient One,53,67,0
2189,Ancient Stone Hurler,49,70,0
2190,Draug,40,51,0
2191,Draug,42,53,1
2192,Draug,51,62,0
2193,Draug,53,64,1
2194,Draugadrott,44,55,0
2195,Flayed Bull,36,58,0
2196,Swamp Drake,80,59,0
2197,Assassin,17,111,0
2198,Inquisitor,14,97,0
2199,High Inquisitor,20,118,0
2200,Goetic Adept,1,95,0
2201,Niefel Shaman,141,274,0
2202,Great Siddha,19,167,0
2203,Oni Kunshu,144,343,0
2204,Oni Spirit,112,250,1
2205,Great Sauromancer,15,112,0
2206,Eldest Dwarf,15,68,0
2207,Great Sorcerer,66,121,0
2208,Hunter Spider,55,82,1
2209,Horror Mantis,47,41,0
2210,Float Cat Horror,38,37,0
2211,Mind Slime Horror,291,630,0
2212,Soultorn,31,34,0
2213,Gore Tide Horror,272,205,0
2214,Spine Membrane Horror,75,62,0
2215,Belly Maw Horror,46,40,0
2216,Brass Claw Horror,45,61,0
2217,Worm Mage,168,583,0
2218,Large Beetle,2,12,0
2219,Forest Troll,22,40,0
2220,Troll Shaman,26,135,0
2221,Troll Seithberender,26,245,0
2222,Frog,2,8,0
2223,Large Spider,2,12,0
2224,Red Ant,2,12,0
2225,Fire Ant,18,24,0
2226,Killer Mantis,15,22,0
2227,Goat,2,8,0
2228,Deer,2,9,0
2229,Forest Giant,38,61,0
2230,Hill Giant,84,113,0
2231,Yeti,40,67,0
2232,Large Scorpion,2,11,0
2233,Giant Scorpion,4,14,0
2234,Irminsul,102,236,0
2235,Rephaite Scholar,10,315,0
2236,Sobek Warrior,31,45,0
2237,Sobek Sacred Guard,75,89,0
2238,Sobek General,60,81,0
2239,Asynja,41,207,0
2240,Longdead Captain,18,35,0
2241,Longdead Boatswain,11,34,0
2242,Soulless Warrior,1,16,0
2243,Soulless Warrior,5,17,0
2244,Scelerian Cultist,1,97,0
2245,Sorcerer of the Sands,4,132,0
2246,Blessed Couple,91,470,0
2247,Grieving Dryad,16,522,0
2248,Sister,2,24,0
2249,Nun,1,53,0
2250,Abbess,1,58,0
2251,Ancient Presence,400,290,0
2252,Berytian Scout,2,18,0
2253,Berytian Captain,14,32,0
2254,Berytian Militia,4,22,0
2255,Berytian Archer,1,19,0
2256,Berytian Spearman,10,26,0
2257,Berytian Soldier,10,25,0
2258,Berytian Heavy Spearman,12,25,0
2259,Berytian Elite Soldier,15,29,0
2260,Berytian Lancer,19,33,0
2261,War Elephant,109,81,0
2262,Colossi Warrior,46,59,0
2263,Mage Pilot,1,77,0
2264,Storm Caller,2,182,0
2265,Berytian Priest,2,78,0
2266,Bride-in-Waiting,20,353,0
2267,Melqart,165,468,0
2268,Gudu,27,121,0
2269,Entu,22,229,0
2270,Tathagata,294,528,0
2271,Seeker of Truths,1,16,0
2272,Sobek High Priest,69,152,0
2273,Large Lobster,6,16,0
2274,Soulless Bandar Warrior,13,27,0
2275,False Prophet,20,83,0
2276,Heretic,2,53,0
2277,Monster of Fraud,82,581,1
2278,Prince of Lust,225,1991,1
2279,Warrior Scout,12,25,0
2280,Illearth,537,313,0
2281,Illearth,379,226,0
2282,Illearth,248,153,0
2283,Illearth,142,94,0
2284,Illearth,61,49,0
2285,Illearth,5,17,0
2286,Fiery Imp,8,28,0
2287,Shadow Imp,9,24,0
2288,Machaka Scout,2,19,0
2289,Rhino Clan Commander,17,33,0
2290,Lion Clan Commander,16,36,0
2291,Voice of Lion,12,89,0
2292,Hyena Clan Witch Doctor,3,144,0
2293,Bouda,26,257,0
2294,Werehyena,26,240,0
2295,Spider Clan Sorcerer,7,172,0
2296,Lion King,27,315,0
2297,Lion Queen,20,286,0
2298,Machaka Militia,1,21,0
2299,Bird Clan Archer,1,18,0
2300,Machaka Warrior,5,26,0
2301,Spider Clan Archer,1,21,0
2302,Spider Clan Warrior,7,27,0
2303,Hyena Clan Warrior,9,27,0
2304,Rhino Clan Warrior,14,28,0
2305,Lion Clan Warrior,11,29,0
2306,War Lion,10,19,0
2307,War Elephant,109,81,0
2308,Spider Rider,33,51,0
2309,Lion Warrior,50,64,0
2310,Voice of Spider,12,49,0
2311,Centaur Hierophant,32,106,0
2312,Centauride Hierophantide,28,100,0
2313,Raven Lord,22,36,0
2314,Reborn,4,86,0
2315,Melqart,102,302,0
2316,Dragon King,330,542,0
2317,Celestial Bureaucrat,330,502,0
2318,Celestial Dragon,330,380,0
2319,Celestial Bureaucrat,330,463,0
2320,Phantasmal Chief,2,20,0
2321,Clockwork Soldier,32,40,0
2322,Shark,14,24,0
2323,Adventurer,19,45,0
2324,Adventurer,27,45,0
2325,Adventurer,23,37,0
2326,Adventurer,13,127,0
2327,Adventurer,3,116,0
2328,Adventurer,4,98,0
2329,Adventurer,3,98,0
2330,Adventurer,12,75,0
2331,Pilgrim,5,58,0
2332,Adventurer,9,28,0
2333,Lemur Acolyte,66,206,0
2334,Lemur Thaumaturg,82,376,0
2335,Grand Lemur,214,1156,0
2336,Spectral Principe,18,43,0
2337,Spectral Triarius,21,47,0
2338,Praetorian Spectre,31,57,0
2339,Shadow Triton,14,33,0
2340,Shadow Soldier,15,35,0
2341,Vanarusian Sage,2,96,0
2342,Vanabog,94,315,0
2343,Vanarusian Archer,1,19,0
2344,Vanarusian Huskarl,11,25,0
2345,Vanarusian Huskarl,11,25,0
2346,Vanarusian Hirdman,13,27,0
2347,Vanarusian Hirdman,13,27,0
2348,Vanarusian Hirdman,14,28,0
2349,Oath-Bound,50,61,0
2350,Chud Hirdman,29,43,0
2351,Werebear,36,63,1
2352,Chud Skinshifter,57,76,0
2353,Scout,5,19,0
2354,Vanarusian Herse,17,33,0
2355,Vanarusian Jarl,20,41,0
2356,Vanarusian Gode,15,66,0
2357,Chud Jarl,37,93,0
2358,Wormwood Witch,4,164,0
2359,Holy Knight,52,67,0
2360,Soldier of the Faith,11,25,0
2361,Black Witch,1,93,0
2362,Blackrose Sorceress,4,166,0
2363,Gloso,117,84,0
2364,Soulless Shambler,2,23,0
2365,Soulless War Shambler,6,27,0
2366,Soulless War Shambler,12,28,0
2367,Soulless War Shambler,12,26,0
2368,Gargoyle,41,81,0
2369,Large Shrimp,2,9,0
2370,Ichtysatyr Scout,12,27,0
2371,Ichtysatyr Scout,12,27,0
2372,Ichtysatyr Commander,14,29,0
2373,Ichtysatyr Commander,14,29,0
2374,Ichtycentaur Commander,24,42,0
2375,Ichtycentaur Commander,24,40,0
2376,Ichtysatyr,10,31,0
2377,Ichtysatyr,10,31,0
2378,Ichtysatyr Warrior,12,28,0
2379,Ichtysatyr Warrior,12,28,0
2380,Ichtytaur,59,69,0
2381,Ichtytaur,59,74,0
2382,Turtle Tribe Triton,8,23,0
2383,Shark Tribe Triton,10,26,0
2384,Pelagian Militia,2,22,0
2385,Pelagian Soldier,9,30,0
2386,Coral Clan Soldier,20,31,0
2387,Pearl Guard,38,45,0
2388,Merman Net Thrower,5,25,0
2389,Merman Net Thrower,5,24,0
2390,Pelagian Captain,19,36,0
2391,Triton Rider,24,40,0
2392,Aphroi Hierophant,41,115,0
2393,Aphroi Hierophant,41,111,0
2394,Sobek Sauromancer,65,396,0
2395,Pearl Clan Priest,6,63,0
2396,Pearl Mage,7,173,0
2397,Pearl King,56,433,0
2398,Elephant,105,78,0
2399,Aphroi Lord,55,82,0
2400,Aphroi Lord,55,80,0
2401,Aphroi,46,66,0
2402,Aphroi,46,63,0
2403,Spider Clan Witch Doctor,7,90,0
2404,Ichtysatyr,10,29,0
2405,Ichtysatyr,10,28,0
2406,Ichtysatyr,10,31,0
2407,Ichtysatyr,10,31,0
2408,Ichtysatyr Soldier,12,28,0
2409,Ichtysatyr Soldier,12,28,0
2410,Ichtycentaur Commander,26,42,0
2411,Ichtycentaur Commander,26,42,0
2412,Ichtytaur,60,70,0
2413,Ichtytaur,60,75,0
2414,Ichtytaur Warrior,62,73,0
2415,Ichtytaur Warrior,62,74,0
2416,Coral Clan Hoplite,21,32,0
2417,Merman Priest,1,18,0
2418,Merman Priest,1,17,0
2419,Mermage,5,69,0
2420,Mermage,5,68,0
2421,Amber Clan Noble,22,39,0
2422,Pearl Clan Priest,6,63,0
2423,Pearl Mage,7,149,0
2424,Berytian Sage,2,72,0
2425,Bard,8,71,0
2426,Bouda Father,19,132,0
2427,Werehyena,19,124,0
2428,Goetic Captain,13,61,0
2429,Bride of the Gods,20,454,0
2430,King of the City,140,613,0
2431,Titan of the Underworld,64,368,0
2432,Entu of the Moon,26,305,0
2433,Favored of Enki,18,309,0
2434,Teteo Inan,207,351,0
2435,Annunaki of Love and War,89,229,0
2436,Annunaki of the Moon,111,304,0
2437,Annunaki of Growth and Rebirth,151,532,0
2438,Annunaki of the Underworld,153,410,0
2439,Logrian Wise Man,11,53,0
2440,Sea Dragon,374,611,0
2441,Great Seer of the Deeps,374,557,0
2442,Teotl of War,138,318,0
2443,Teotl of the Sky,121,280,0
2444,Teotl of the Underworld,131,338,0
2445,Neter of the Underworld,167,429,0
2446,Neter of Kings,86,241,0
2447,Idol of Men,46,136,0
2448,Idol of Beasts,75,171,0
2449,Idol of Sorcery,47,143,0
2450,Horned One,153,350,0
2451,Longdead,10,24,0
2452,Heavy Axeman,12,26,0
2453,Light Archer,1,18,0
2454,Crossbowman,9,24,0
2455,Longbowman,10,26,0
2456,Ktonian Reanimator,2,120,0
2457,Bodhisattva of Mercy,59,240,0
2458,Dragon Girl,154,464,0
2459,Dragon Girl,154,543,0
2460,Statue of Fertility,76,173,0
2461,Statue of the Bloody Mother,133,264,0
2462,Golden Idol,106,220,0
2463,Statue of War,86,287,0
2464,Neter of the Moon,80,337,0
2465,Statue of War,92,297,0
2466,Kamadhenu,560,504,0
2467,Bakemono Chief,12,28,0
2468,Druid,1,111,0
2469,Fir Bolg Druid,14,71,0
2470,Hybrid Commander,24,40,0
2471,Self Proclaimed Prince,1,19,0
2472,Shark Tribe Brigand,11,27,0
2473,Hangadrottning,131,583,0
2474,White Wolf,13,22,0
2475,Standard,18,32,0
2476,Naga Chief,35,59,0
2477,Ghoul Commander,35,49,0
2478,Satyr Sniper,18,32,0
2479,Centaur Sage,25,92,0
2480,Dryad Hag,17,182,0
2481,Ettin King,113,143,0
2482,Troglodyte Slave,70,85,0
2483,Troglodyte Trainer,14,38,0
2484,Longdead Giant,23,37,0
2485,Satyr Commander,18,36,0
2486,Benjaminite Commander,12,29,0
2487,Dryad Mother,29,393,0
2488,Centaur Chariot,64,78,0
2489,Ancient Wet One,37,54,0
2490,Ancient Wet One,37,59,0
2491,Engraver,7,71,0
2492,Great Olm,46,57,0
2493,Olm Sage,50,171,0
2494,Member of the Closed Council,41,412,0
2495,Member of the Closed Council,42,452,0
2496,Member of the Closed Council,42,462,0
2497,Penumbral,29,64,0
2498,God Vessel,426,1207,0
2499,God Vessel,338,763,0
2500,God Vessel,292,474,0
2501,Legion of Gods,292,663,0
2502,Earth made Flesh,74,349,0
2503,Golden Pillar,136,282,0
2504,Zotz,4,29,0
2505,Camazotz,2,36,0
2506,Ancient Lord,58,88,0
2507,Defender of the Halls,18,32,0
2508,Shard Guard,68,82,0
2509,Shard Wight,45,56,0
2510,Lava-born,19,33,0
2511,Lava-born Commander,21,35,0
2512,Cave Cow,9,16,0
2513,Cave Spider,11,20,0
2514,Cave Crab,44,40,0
2515,Living Mercury,196,133,0
2516,Living Mercury,126,94,0
2517,Living Mercury,72,62,0
2518,Living Mercury,36,41,0
2519,Living Mercury,11,25,0
2520,Flame Barrel Nightmare,28,31,0
2521,Ktonian Alchemist,1,135,0
2522,Released Sage,28,255,0
2523,Released King,49,63,0
2524,Released Warrior,52,63,0
2525,Released One,40,51,0
2526,Cave Grub,13,19,0
2527,Olm Sage,46,166,0
2528,Great Olm,42,53,0
2529,Cave Drake,31,33,0
2530,Master of Alchemical Secrets,201,754,0
2531,Huskarl,10,25,0
2532,Herse,16,32,0
2533,Hirdman,14,28,0
2534,Dragon,208,511,0
2535,Plague Cult Leader,7,69,0
2536,Fellow,2,24,0
2537,Monk,2,23,0
2538,Noble,23,37,0
2539,Noble,21,35,0
2540,Blood Mage,4,56,0
2541,Mountain King,65,381,0
2542,Guhyaka General,44,113,0
2543,Mage of Spring,1,117,0
2544,Mage of Summer,1,117,0
2545,Mage of Autumn,1,117,0
2546,Mage of Winter,1,117,0
2547,Blizzard Warrior,9,27,0
2548,Iron Hail Archer,14,32,0
2549,Maharishi,2,58,0
2550,Raksharani,41,250,0
2551,Manushya Raksharani,41,274,0
2552,Ahura of Wisdom,124,361,0
2553,Ahura of the Oath,112,441,0
2554,Ahura of the Waters,191,540,0
2555,Spenta Mainyu,152,361,0
2556,Celestial Carp,97,284,0
2557,Airya Seraphine,2,78,0
2558,Kavi Archer,8,26,0
2559,Mairya Warrior,31,46,0
2560,Mairya Ahu,40,55,0
2561,Raptorian Warrior,13,27,0
2562,Fravashi,68,201,0
2563,Ancestral Fravashi,107,506,0
2564,Spire Horn Militia,5,23,0
2565,Spire Horn Archer,1,18,0
2566,Spire Horn Warrior,10,28,0
2567,Airya Light Infantry,11,28,0
2568,Airya Infantry,14,29,0
2569,Spire Horn Seraph,4,23,0
2570,Airya Seraph,1,118,0
2571,Raptorian Militia,5,23,0
2572,Raptorian Warrior,13,27,0
2573,Raptorian Warrior,15,29,0
2574,Raptorian Warrior,16,30,0
2575,Airya Noble,30,46,0
2576,Iceclad,23,37,0
2577,Ahu of the Kavi,70,134,0
2578,Yazad King,60,177,0
2579,Paighan,9,25,0
2580,Turan Infantry,15,29,0
2581,Turan Heavy Infantry,16,30,0
2582,Turan Horse Archer,20,34,0
2583,Turan Cavalry,22,35,0
2584,Savaran Cataphract,28,40,0
2585,Savaran Guard,37,48,0
2586,Turan War Elephant,123,83,0
2587,Zhayedan,127,134,0
2588,Turan Spahbed,39,54,0
2589,Airya Archer,6,24,0
2590,Airya Light Infantry,11,28,0
2591,Airya Infantry,14,29,0
2592,Iceclad Zhayedan,39,53,0
2593,Spire Horn Archer,6,24,0
2594,Spire Horn Warrior,10,28,0
2595,Airya Scout,12,25,0
2596,Airya Spahbed,30,46,0
2597,Paighan-Salar,17,33,0
2598,Turan Usij,6,34,0
2599,Karapan,6,83,0
2600,Dastur,6,165,0
2601,Turan Sorcerer,9,213,0
2602,Athravan,1,73,0
2603,Zaotar,1,151,0
2604,Airya Seraph,1,193,0
2605,Turan Shah,63,113,0
2606,Airya Shah,46,96,0
2607,Turan Athravan,6,34,0
2608,Azi,252,313,0
2609,Great Warlock,252,374,0
2610,Angra Mainyu,127,296,0
2611,Gannag Menog,127,333,0
2612,Daeva of Evil Intentions,157,768,1
2613,Daeva of Frozen Minds,187,681,1
2614,Daeva of Oppression,160,772,1
2615,Daeva of Discontent,106,684,1
2616,Daeva of Destruction,91,641,1
2617,Daeva of Aging,92,576,1
2618,Renegade Harab Seraph,4,110,0
2619,Harab Seraph,5,170,0
2620,Yazad of Fire,21,369,0
2621,Yazad of Justice,21,361,0
2622,Yazad of the Stars,19,360,0
2623,Yazad of the Sky,19,362,0
2624,Yazad of Water,14,349,0
2625,Yazad of the Earth,14,336,0
2626,Flame Spirit,114,323,0
2627,Daeva of Wrath,120,308,0
2628,Turan Gryphon,86,95,1
2629,Zhayedan Spahbed,123,134,0
2630,Daeva,62,80,0
2631,Jahi,31,138,0
2632,Daeva of Shooting Stars,1,290,0
2633,Yata,25,367,0
2634,Daeva of Frost and Snow,28,373,0
2635,Ahu,73,129,0
2636,Pairika,33,728,0
2637,Ahurani,16,249,0
2638,Turan Gryphon,58,41,0
2639,Fatherslayer,41,233,0
2640,Giant Shaman,41,181,0
2641,Giant Sorcerer,88,252,0
2642,Yeti Shaman,42,236,0
2643,Human Warrior,7,24,0
2644,Human Warrior,9,27,0
2645,Human Warrior,8,25,0
2646,Human Warrior,10,27,0
2647,Kuraka,16,34,0
2648,Hatun Runa,8,26,0
2649,Aucac Runa Spearman,13,30,0
2650,Aucac Runa Maceman,14,31,0
2651,Aucac Runa Axeman,14,31,0
2652,Aucac Runa Archer,8,25,0
2653,Sun Guard,37,50,0
2654,Apu,16,35,0
2655,Apusqispay,14,35,0
2656,Aclla,1,84,0
2657,Hurin Priest,8,166,0
2658,Inca,52,288,0
2659,Coya,1,249,0
2660,Mallqui,17,58,0
2661,Mallqui Priestess,20,124,0
2662,Mallqui Priest,20,208,0
2663,Royal Mallqui,26,647,0
2664,Paqo of the Mountain Spirits,15,82,0
2665,Paqo of the Earth Mother,4,69,0
2666,Runancha,10,23,0
2667,Condor Warrior,32,49,0
2668,Xibalban Warrior,2,25,0
2669,Xibalban Warrior,4,29,0
2670,Xibalban Dart Thrower,2,24,0
2671,Xibalban Guard,10,31,0
2672,Sun Guide,28,46,0
2673,Xibalban Scout,2,21,0
2674,Batab,9,30,0
2675,Ajaw,8,74,0
2676,Ajaw Kan Ek',8,76,0
2677,Ah K'in,2,76,0
2678,Chilan,4,92,0
2679,Ah Nakom,4,66,0
2680,Ah Itz,2,96,0
2681,Camazotz,3,143,0
2682,Way,14,112,0
2683,Jaguar,14,32,0
2684,Ah K'in Kan Ek',4,182,0
2685,Viracocha,129,307,0
2686,Apu Inti,122,360,0
2687,Large Scorpion,2,8,0
2688,Giant Scorpion,4,11,0
2689,Xibalban Scorpion,18,21,0
2690,Sacred Scorpion,82,69,0
2691,Xibalban Scorpion Trainer,2,34,0
2692,Halach Uinic,28,204,0
2693,Heavenly Condor,216,277,0
2694,Condor,38,36,0
2695,Sapa Inca,45,164,0
2696,Stone Huaca,148,272,0
2697,Huaca,67,85,0
2698,Apu Illapa,482,846,0
2699,Ayar,106,279,0
2700,Supaya,38,75,0
2701,Nazcan Longdead,4,24,0
2702,Nazcan Longdead,4,24,0
2703,Caelian Longdead,4,24,0
2704,Caelian Longdead,5,25,0
2705,Caelian Longdead,5,25,0
2706,Caelian Longdead,6,26,0
2707,Soulless Nazcan,1,13,0
2708,Soulless Nazcan Warrior,4,18,0
2709,Soulless Nazcan Warrior,6,21,0
2710,Soulless Nazcan Warrior,3,18,0
2711,Soulless Nazcan Warrior,6,21,0
2712,Apostate Seraph,4,306,0
2713,First Couple,33,904,0
2714,Bacab,45,384,0
2715,Muuch Ajaw,55,108,0
2716,Muuch K'uhul,20,216,0
2717,Ah Ha',6,99,0
2718,Ah Itz,4,80,0
2719,Camazotz,3,136,0
2720,Muuch Scout,4,22,0
2721,Muuch Militia,5,22,0
2722,Muuch Dart Thrower,9,26,0
2723,Muuch Warrior,11,29,0
2724,Muuch Warrior,11,29,0
2725,Muuch Warrior,12,28,0
2726,Muuch Warrior,11,27,0
2727,Muuch Jungle Warrior,12,30,0
2728,Muuch Batab,17,32,0
2729,Wo' Muuch,50,64,0
2730,Chak Muuch Dart Thrower,24,45,0
2731,Chak Muuch Obsidian Warrior,34,48,0
2732,Chak Muuch Assassin,36,126,0
2733,Zotz Batab,8,30,0
2734,Zotz Warrior,2,25,0
2735,Zotz Warrior,4,29,0
2736,Onaqui,104,1891,0
2737,Immortal Coya,36,269,0
2738,Zotz Warrior,2,25,0
2739,Zotz Warrior,4,29,0
2740,Zotz Dart Thrower,2,24,0
2741,Zotz Guard,4,25,0
2742,Zotz Guard,8,30,0
2743,Obsidian Warrior,28,48,0
2744,Sak Muuch Dart Thrower,9,27,0
2745,Sak Muuch Warrior,12,28,0
2746,Sak Muuch Warrior,12,28,0
2747,Wo' Muuch,51,65,0
2748,Ah Ha',6,99,0
2749,Bacab,46,399,0
2750,Chilan,4,130,0
2751,Way,14,112,0
2752,Jaguar,14,32,0
2753,Ah Itz,2,96,0
2754,Camazotz,3,167,0
2755,Hun Came,186,418,0
2756,Bolon-ti-ku,96,303,0
2757,Demon of the Bone Staff,125,719,0
2758,Demon of the Skull Staff,125,719,0
2759,Demon of Pus,112,538,0
2760,Jaundice Demon,111,538,0
2761,Sweeping Demon,109,503,0
2762,Stabbing Demon,109,503,0
2763,Grandfather Earth,103,765,0
2764,Hun Balam,253,262,0
2765,Balam of the North,59,500,1
2766,Balam of the North,59,509,1
2767,Balam of the North,59,460,1
2768,Balam of the East,59,500,1
2769,Balam of the East,59,509,1
2770,Balam of the East,59,460,1
2771,Balam of the South,59,500,1
2772,Balam of the South,59,509,1
2773,Balam of the South,59,460,1
2774,Balam of the West,59,500,1
2775,Balam of the West,59,509,1
2776,Balam of the West,59,460,1
2777,Demon Macaw,126,181,0
2778,Chaac of the North,101,626,1
2779,Chaac of the East,101,614,1
2780,Chaac of the South,101,614,1
2781,Chaac of the West,101,614,1
2782,Batab,9,30,0
2783,Drakon,384,370,0
2784,Thrice Horned Boar,209,204,0
2785,Solar Eagle,185,221,0
2786,Celestial Gryphon,168,235,0
2787,Celestial Lion,165,207,0
2788,Man-Eater,251,278,0
2789,Raven of the Underworld,164,225,0
2790,Myrmecoleon,121,152,0
2791,Earth Serpent,209,274,0
2792,Solar Serpent,188,255,0
2793,Serpent of Chaos,208,272,0
2794,Demonic Locust,59,57,0
2795,Dog of the Underworld,147,183,0
2796,Hound of Hades,204,238,0
2797,Hieracosphinx,163,206,0
2798,Criosphinx,144,191,0
2799,Wadjet,143,192,0
2800,Ormr,195,237,0
2801,Linnormr,579,487,0
2802,Svartalf Mastersmith,579,776,0
2803,Linnormr,579,650,0
2804,Ichtyid Shaman,7,40,0
2805,Ichtyid Pearl Mage,4,71,0
2806,Wondrous,35,590,0
2807,Pelagian Shore Fighter,11,26,0
2808,Pelagian Shore Fighter,11,26,0
2809,Sideraspist,11,25,0
2810,Sideraspist,11,25,0
2811,Pelagian Shore Commander,16,32,0
2812,Pelagian Shore Commander,16,32,0
2813,Pelagian Explorer,1,63,0
2814,Pelagian Explorer,1,62,0
2815,Mermage,5,69,0
2816,Mermage,5,68,0
2817,Bone Tribe Hunter,9,27,0
2818,Bone Tribe Beast Hunter,15,33,0
2819,Bone Tribe Head Hunter,27,51,0
2820,Bone Reader,26,72,0
2821,Merman Hoplite,13,26,0
2822,Merman Hoplite,13,26,0
2823,Pelagian Mystic,1,132,0
2824,Pelagian Mystic,1,131,0
2825,Merman Commander,17,32,0
2826,Merman Commander,17,32,0
2827,Therodian Archer,1,19,0
2828,Therodian Peltast,8,26,0
2829,Therodian Hoplite,12,26,0
2830,Therodian Scout,2,18,0
2831,Therodian Commander,15,31,0
2832,Strategis,31,95,0
2833,Melia,39,125,0
2834,Hekateride,15,315,0
2835,Kabeiros,17,85,0
2836,Daktyl,14,190,0
2837,Korybant,27,41,0
2838,Saos,24,38,0
2839,Kourete,31,45,0
2840,Spectral Archer,2,23,0
2841,Spectral Peltast,10,32,0
2842,Spectral Hoplite,16,41,0
2843,Spectral Kourete,44,81,0
2844,Spectral Commander,22,50,0
2845,Ephor,10,74,0
2846,Spectral Philosopher,5,61,0
2847,Protogenos of the Sea,53,269,0
2848,Father of the Sea,16,234,0
2849,Father of Monsters,113,267,0
2850,Statue of the Underworld,72,181,0
2851,Titan of Winds and Waves,72,252,0
2852,King of Frozen Bones,34,128,0
2853,Ghost King,95,185,0
2854,Flame Jelly,28,33,0
2855,Floating Mind,112,178,0
2856,Son of the Sea,121,269,0
2857,Fish,2,11,0
2858,Large Fish,2,11,0
2859,Witness of the Deep,8,135,0
2860,Soldier of the Deep,9,25,0
2861,Haliade,29,261,0
2862,Shambler Guard,17,36,0
2863,Champion of the Closed Realm,33,47,0
2864,Champion of the Closed Realm,33,47,0
2865,Conqueror of the Closed Realm,37,89,0
2866,Conqueror of the Closed Realm,37,89,0
2867,Daduchos,1,63,0
2868,Daduchos,1,63,0
2869,Apostate of the Closed Realm,17,32,0
2870,Apostate of the Closed Realm,17,32,0
2871,Kabeiride,51,321,0
2872,Kabeiride,47,300,0
2873,Telkhine,50,1098,0
2874,Telkhine,50,1206,0
2875,Queen of the City,87,872,0
2876,Queen of the City,87,1039,0
2877,Telkhine,87,847,0
2878,Telkhine,87,998,0
2879,Telkhine,87,765,0
2880,Telkhine,87,899,0
2881,Telkhine God-King,54,419,0
2882,Telkhine God-King,54,562,0
2883,Abodai,63,224,0
2884,Androleth,17,33,0
2885,Androdai,10,88,0
2886,Grandmother,89,131,0
2887,Lakam Ha' Warrior,7,25,0
2888,Lakam Ha' Warrior,9,27,0
2889,Lakam Ha' Warrior,7,25,0
2890,Lakam Ha' Warrior,9,27,0
2891,Lakam Ha' Batab,12,30,0
2892,Priest of All Waters,8,134,0
2893,Warrior of the Deep,9,27,0
2894,Lord of the Deep,46,105,0
2895,Mother of All Waters,25,215,0
2896,Returned,21,44,0
2897,Kernou Warrior,12,26,0
2898,Kernou Noble Warrior,15,29,0
2899,Kernou Cavalry,22,34,0
2900,Kernou Chieftain,17,43,0
2901,Kernou Druid,8,120,0
2902,Merrow Militia,2,24,0
2903,Merrow,6,28,0
2904,Merrow,9,27,0
2905,Merrow Chieftain,12,30,0
2906,Merrow Druid,3,95,0
2907,Ysian Militia,3,24,0
2908,Ysian Spearman,6,28,0
2909,Ysian Man at Arms,17,31,0
2910,Knight of Ys,28,40,0
2911,Knight of Ys,28,40,0
2912,Ysian Scout,5,23,0
2913,Ysian Commander,20,36,0
2914,Ysian Druid,5,117,0
2915,Morvarc'h Knight,91,100,0
2916,Morvarc'h Knight,91,100,0
2917,Morgen Champion,109,208,0
2918,Morgen Champion,109,208,0
2919,Morgen Princess,105,275,0
2920,Morgen Princess,105,275,0
2921,Morgen Sorceress,36,351,0
2922,Morgen High Queen,24,112,0
2923,Ysian Infantry,13,27,0
2924,Queen of the North,128,628,0
2925,Queen of the North,128,628,0
2926,Morgen Queen,116,619,0
2927,Morgen Queen,116,619,0
2928,Swanherd,1,44,0
2929,Swan,1,10,0
2930,Hooded Spirit,40,179,0
2931,Knight Commander of Ys,33,49,0
2932,Knight Commander of Ys,33,49,0
2933,Enkidu,6,26,0
2934,Enkidu Scout,13,29,0
2935,Enkidu Archer,12,30,0
2936,Enkidu Spearman,16,33,0
2937,Enkidu Warrior,18,35,0
2938,Enkidu Heavy Archer,16,30,0
2939,Enkidu Soldier,20,34,0
2940,Enkidu Iron Warrior,26,40,0
2941,Enkidu Royal Guard,26,39,0
2942,Enkidu Commander,27,41,0
2943,Ensi,42,171,0
2944,Nin,13,71,0
2945,Gala,4,87,0
2946,Naditu,13,81,0
2947,Ereshdingir,23,180,0
2948,Entu,24,239,0
2949,Gudu,27,84,0
2950,Ishib,27,120,0
2951,Ashipu,23,134,0
2952,Mashmashu,29,238,0
2953,Maiden of the Moon,48,58,0
2954,Enkidu Shaman,18,129,0
2955,Leader of the Closed Council,30,94,0
2956,Centauride Cataphract,24,36,0
2957,Centauride Crossbow,28,40,0
2958,Golden Lion,166,207,0
2959,Chiranjivi,50,798,0
2960,Apkallu,27,236,0
2961,Centauride Enchantress,29,87,0
2962,Mushussu,133,102,0
2963,Mushussu Chariot,135,143,0
2964,Mushussu,83,92,1
2965,Apkallu,44,584,0
2966,Umu-apkallu,56,776,0
2967,Hell Spawn,24,26,0
2968,Hell Spawn,15,38,0
2969,Hell Spawn,21,35,0
2970,Hell Spawn,32,37,0
2971,Hell Spawn,8,28,0
2972,Hell Spawn,9,31,0
2973,Hell Spawn,13,34,0
2974,Hell Spawn,21,35,0
2975,Worm Mage,168,533,0
2976,Algae Man,12,42,0
2977,Centaur Great Sage,35,138,0
2978,Master Sorcerer,11,70,0
2979,Onmyo Hakase,16,73,0
2980,Uttervast,502,655,0
2981,Soulless Enkidu,5,23,0
2982,Soulless Warrior,9,26,0
2983,Soulless Warrior,11,28,0
2984,Scout,5,19,0
2985,Rusian Chieftain,16,32,0
2986,Rusian Priest,4,56,0
2987,Rusian Wizard,2,92,0
2988,Thunder Priest,16,165,0
2989,Rusian Hunter,8,26,0
2990,Rusian Warrior,10,24,0
2991,Rusian Warrior,10,25,0
2992,Chud Hunter,24,41,0
2993,Chud Warrior,21,36,0
2994,Chud Berserker,27,41,0
2995,Bear Warrior,16,34,0
2996,Werebear,61,98,1
2997,Chud Skinshifter,104,127,0
2998,Werebear,60,316,0
2999,Perkunu,60,331,0
3000,Son of Heaven,43,225,0
3001,Daughter of the Sun,36,214,0
3002,Chud Chieftain,33,53,0
3003,Great Bear,25,34,0
3004,Serf Defender,3,20,0
3005,Longdead Archer,1,18,0
3006,Humanbred,13,29,0
3007,Bug Soul Vessel,4,20,0
3008,Rusian Chieftain,16,32,0
3009,Buffalo,68,53,0
3010,Architect,6,46,0
3011,Architect,8,49,0
3012,Shrimp Soul Vessel,5,21,0
3013,Triton Militia,3,23,0
3014,Triton Soldier,15,28,0
3015,Triton Hoplite,21,32,0
3016,Triton Knight,35,47,0
3017,Triton Noble,43,58,0
3018,Thyreophorite,10,26,0
3019,Thyreophorite,10,26,0
3020,Erytheian Phalangite,15,27,0
3021,Erytheian Phalangite,15,27,0
3022,Erytheian Hoplite,13,26,0
3023,Erytheian Hoplite,13,26,0
3024,Machimos,10,26,0
3025,Machimos Commander,11,27,0
3026,Erytheian Commander,18,34,0
3027,Erytheian Commander,18,34,0
3028,Erytheian Scout,11,24,0
3029,Erytheian Scout,11,24,0
3030,Erytheian Crossbowman,10,27,0
3031,Erytheian Crossbowman,10,27,0
3032,Daduchos,4,137,0
3033,Daduchos,4,136,0
3034,Mermage,5,69,0
3035,Mermage,5,68,0
3036,Erytheian Priest,0,0,1
3037,Erytheian Priest,0,0,1
3038,Pearl Mage,7,149,0
3039,Mystic,1,68,0
3040,Nomarch,19,77,0
3041,Nomarch,19,75,0
3042,Prince of the Setting Sun,8,180,0
3043,Prince of the Setting Sun,8,178,0
3044,Princess of the Setting Sun,3,173,0
3045,Princess of the Setting Sun,3,171,0
3046,King of Both Worlds,17,50,0
3047,King of Both Worlds,17,48,0
3048,Queen of Land and Water,5,38,0
3049,Queen of Land and Water,5,36,0
3050,Triton Priest,6,63,0
3051,Soldier of the Setting Sun,39,50,0
3052,Soldier of the Setting Sun,39,50,0
3053,Grand Hierophant,11,152,0
3054,Firstborn of the Star,30,134,0
3055,Grand Hydromancer,10,187,0
3056,Aphroi Sage,30,89,0
3057,Aphroi Sage,30,86,0
3058,God-King of the Deep,34,129,0
3059,Magister Supreme,13,90,0
3060,Master,20,80,0
3061,Hell Spawn,28,54,0
3062,Hellbred Giant,60,74,0
3063,Hellbred Horite,5,30,0
3064,Anzu,114,90,0
3065,Marble Lion,75,124,0
3066,Hamadryad,32,105,0
3067,Spectral Lictor,37,77,0
3068,Kusarikku,74,96,0
3069,Namanari,3,77,0
3070,Chunari,5,145,0
3071,Vanarusian Berserker,19,33,0
3072,Kami of the Sun,146,341,0
3073,Kami of the Moon,64,239,0
3074,Kami of Storms,125,331,0
3075,Little Soulless,1,14,0
3076,Morrigna,114,185,0
3077,Morrigna,116,187,0
3078,Morrigna,108,174,0
3079,Duiu of Thunder,105,270,0
3080,Duiu of Farming,74,391,0
3081,Duiu of War,74,223,0
3082,Matrona of the Healing Spring,134,314,0
3083,Hound,20,27,0
3084,Amanojaku,106,117,0
3085,Oni Spirit,83,94,1
3086,Deives of the Sun,39,486,0
3087,Lar,6,167,0
3088,Dharmapala of the Underworld,131,315,0
3089,Kulullu,12,34,0
3090,Kulullu Soldier,16,33,0
3091,Kulullu Sage,4,138,0
3092,Kuliltu Queen,7,136,0
3093,Kulullu Commander,21,37,0
3094,Kulullu King,43,122,0
3095,Ugallu,75,291,0
3096,Mage of the Deep,16,134,0
3097,Spider Archer,1,22,0
3098,First Spawn,92,173,0
3099,Bogarusian Scout,5,19,0
3100,Perioeci Peltast,8,26,0
3101,Helote Peltast,7,25,0
3102,Neodamode Peltast,9,26,0
3103,Helote Ekdromos,9,23,0
3104,Neodamode Ekdromos,10,24,0
3105,Helote Hoplite,11,24,0
3106,Neodamode Hoplite,12,25,0
3107,Perioeci Scout,6,19,0
3108,Neodamode Commander,16,31,0
3109,Gigante Ekdromos,45,54,0
3110,Gigante Hoplite,48,59,0
3111,Lochos,54,74,0
3112,Polemarch,104,310,0
3113,Kryptes,33,133,0
3114,Geronte,34,112,0
3115,Ephor,34,181,0
3116,Archon,37,225,0
3117,Basileus,39,327,0
3118,Elder Cyclops,43,319,0
3119,Spartae,28,40,0
3120,Discobolus,26,51,0
3121,Eldest Cyclops,77,236,0
3122,King of Pallene,181,712,0
3123,Gladiatrix,30,45,0
3124,Titan of Forethought,47,199,0
3125,Member of the Third Tier,2,282,0
3126,Member of the Third Tier,2,282,0
3127,Ker,105,214,0
3128,Orphic Mystic,1,104,0
3129,Trophimos Commander,14,38,0
3130,Trophimos Priest,1,67,0
3131,Trophimos Sage,1,66,0
3132,Helote Archer,1,18,0
3133,Helote Warrior,9,25,0
3134,Helote Soldier,9,23,0
3135,Cyclops Chieftain,34,54,0
3136,Cyclops Warrior,25,44,0
3137,Cyclops Hurler,27,47,0
3138,Elder Cyclops,43,319,0
3139,Phlegran Tyrant,76,389,0
3140,Gigante Warrior,59,80,0
3141,Cyclops Shepherd Shaman,31,113,0
3142,Phlegran Mouflon,4,16,0
3143,Phaeacian Militia,4,22,0
3144,Phaeacian Archer,2,19,0
3145,Phaeacian Light Infantry,10,26,0
3146,Phaeacian Infantry,10,25,0
3147,Phaeacian Heavy Infantry,13,27,0
3148,Colossi Heavy Infantry,23,37,0
3149,Lochos,46,60,0
3150,Gigante,35,47,0
3151,Mage Pilot,1,77,0
3152,Wind Caller,2,148,0
3153,Phaeacian Scout,2,18,0
3154,Phaeacian Captain,14,30,0
3155,Colossi Weaver,3,102,0
3156,Colossi Storm Captain,29,155,0
3157,Colossi Queen,13,273,0
3158,Prince Consort,13,306,0
3159,Orichalcum Guard,59,71,0
3160,Hesperide,14,404,0
3161,Shackled Mage,41,77,0
3162,Trophimos Oppressor,1,88,0
3163,Theurg Tyrant,2,306,0
3164,Keledone,76,113,0
3165,Colossi Light Infantry,21,37,0
3166,Phaeacian Priest,1,53,0
3167,Drakon Hesperios,249,190,1
3168,Hound of Twilight,100,82,0
3169,Kuon Argyreos,145,122,0
3170,Kuon Khryseos,156,129,0
3171,Khalkotauros,510,376,0
3172,Cerulean Commander,22,43,0
3173,Aegaeide,4,236,0
3174,Phaeacian Princess,12,199,0
3175,Triple-Headed,137,307,0
3176,Herdsman,27,365,0
3177,Red Cattle,68,53,0
3178,Wight Shaman,45,160,0
3179,Wight Murmurer,62,329,0
3180,Wight Mage,28,134,0
3181,Wight Mage,35,203,0
3182,Commander,10,25,0
3183,Ekdromos,9,23,0
3184,Hoplite,11,25,0
3185,Heavy Infantry,10,24,0
3186,Commander,12,26,0
3187,Heavy Cavalry,18,30,0
3188,Heavy Infantry,9,24,0
3189,Wight Oracle,96,509,0
3190,Bone Mother,28,84,0
3191,Enkidu Great Sage,22,126,0
3192,Great Camazotz,8,97,0
3193,Jotun Draug,70,81,0
3194,Jotun Draug,72,83,1
3195,Wight Mage,62,329,0
3196,Wight Mage,51,367,0
3197,Melissa,1,110,0
3198,Archousa,1,93,0
3199,Neokoros,1,83,0
3200,Panageis,1,127,0
3201,Hydrophoros of the East,1,221,0
3202,Hydrophoros of the West,1,221,0
3203,Titan of the Hunt,128,370,0
3204,Grey One,1,79,0
3205,Titan of Crossroads,210,321,0
3206,Titan of Crossroads,68,156,0
3207,Titan of Crossroads,87,188,0
3208,Titan of the Spring,139,510,0
3209,Titan of Growth,51,216,0
3210,Lampad,21,171,0
3211,Helote Archer,1,18,0
3212,Helote Crossbowman,11,25,0
3213,Helote Soldier,12,26,0
3214,Iron Bound,13,27,0
3215,Mouflon Cataphract,26,38,0
3216,Iron Guard,20,33,0
3217,Phlegran Commander,15,35,0
3218,Phlegran Priest,1,59,0
3219,Phlegran Cataphract Commander,32,57,0
3220,Shackled Mage,41,77,0
3221,Phlegran Oppressor,1,88,0
3222,Oppressor General,15,77,0
3223,Cyclope Commander,59,81,0
3224,Cyclope Soldier,46,57,0
3225,Cyclope Smith,42,176,0
3226,Laestrygonian Tyrant,147,466,0
3227,Laestrygonian,112,236,0
3228,Oppressor Archon,1,225,0
3229,First of the Gigantes,138,877,0
3230,King of the Gigantes,133,853,0
3231,Elder Cyclops,33,367,0
3232,Iron Fly,51,83,0
3233,Phantasmal Archer,2,20,0
3234,Son of the Bear,81,320,0
3235,Son of the Bear,81,346,0
3236,Cambion,15,379,0
3237,Sinister Hawk,15,25,0
3238,Sinister Wolf,15,25,0
3239,Fay,17,353,0
3240,Raven,17,27,0
3241,Daughter of the Thunder,119,507,0
3242,Daughter of the Oak,119,260,0
3243,Disciple of Myrddin,2,133,0
3244,Blood Countess,122,541,1
3245,Vampire Countess,105,591,1
3246,Tengu King,39,411,0
3247,Kitsune,6,296,0
3248,Kitsune,6,285,0
3249,Dragon of the Cave,138,425,0
3250,Dragon of the Cave,138,488,0
3251,Vampire Count,141,583,1
3252,Vivisectionist,114,600,1
3253,Vampire Count,106,535,1
3254,Vampire Lord,120,618,1
3255,Blood Graf,283,732,1
3256,Werebear,60,416,0
3257,Last Perkunu,60,414,0
3258,Great Bear,30,37,0
3259,Varyag,52,206,0
3260,Grandmother Earth,95,483,0
3261,Red Face,89,506,0
3262,Jorogumo,37,252,0
3263,Jorogumo,37,268,0
3264,Okami,19,24,0
3265,Tanuki,11,157,0
3266,Tanuki,11,153,0
3267,Bakeneko,2,49,0
3268,Bakeneko,2,43,0
3269,Omukade,61,52,0
3270,Araburu-kami,107,118,0
3271,Araburu-kami,206,217,1
3272,Mujina,13,277,0
3273,Mujina,13,240,0
3274,Vampire Count,112,223,0
3275,Landless Knight,15,29,0
3276,Cynocephalian Hunter,11,33,0
3277,Cynocephalian Warrior,18,38,0
3278,Cynocephalian Chieftain,22,40,0
3279,Cynocephalian Shaman,22,52,0
3280,Mirror Guard,30,44,0
3281,Baculite,25,42,0
3282,Soldier Priest,24,38,0
3283,Archer Priest,7,25,0
3284,Abbot Sage,5,84,0
3285,Abbot Magus,20,191,0
3286,Abbot Magus Supreme,22,265,0
3287,Bishop General,21,71,0
3288,Archbishop Marshal,26,81,0
3289,Primate King,32,127,0
3290,Bishop Vicomte,14,130,0
3291,Viceroy Primate,18,131,0
3292,Azenach Archer,5,23,0
3293,Cannibal Warrior,13,31,0
3294,Agrimandri Warrior,13,31,0
3295,Fommepori Warrior,16,34,0
3296,Vintefolei Horseman,17,33,0
3297,Cannibal Shaman Chief,9,53,0
3298,Cynocephalian Hunter,13,32,0
3299,Cynocephalian Flesh-Eater,20,39,0
3300,Cynocephalian Chieftain,21,38,0
3301,Cynocephalian Shaman,8,35,0
3302,Piconye Peasant,3,20,0
3303,Piconye Slinger,1,15,0
3304,Piconye Spearman,7,21,0
3305,Piconye Soldier,11,25,0
3306,Piconye King,13,37,0
3307,Satyr Slave,8,26,0
3308,Centaur Chariot,85,96,0
3309,Centaur Chariot,65,79,0
3310,Lady Warrior,14,28,0
3311,Lady Knight,28,40,0
3312,Feminie Queen,31,57,0
3313,Cannibal Warlord,19,36,0
3314,Feminie Sorceress,3,120,0
3315,Gog Reaver,25,43,0
3316,Magog Flesh-Hunter,19,38,0
3317,Gog Dog-Father,24,81,0
3318,Magog Bitch-Mother,39,169,0
3319,Centaur Slave,13,34,0
3320,Giant of the Lost Tribe,40,49,0
3321,King of the Lost Tribe,49,85,0
3322,Piconye Scholar,1,52,0
3323,Orionde Crossbowman,11,25,0
3324,Orionde Warrior,12,26,0
3325,Orionde Knight,24,37,0
3326,Orionde King,27,50,0
3327,Strange Bird,1,11,0
3328,God Block,246,455,0
3329,Betyl of the Sun,103,211,0
3330,Betyl of Writing,103,211,0
3331,Betyl of the Stars,103,211,0
3332,Nabaean Desert Warrior,6,25,0
3333,Nabaean Camel Rider,17,34,0
3334,Sheikh,30,59,0
3335,'Adite Elite Soldier,28,42,0
3336,'Adite Archer,20,34,0
3337,'Adite General,30,48,0
3338,Nabaean Soldier,11,25,0
3339,Hermit Sahir,29,158,0
3340,Sahir,25,247,0
3341,Malikah,48,450,0
3342,Jann Guard,57,69,0
3343,Jann Emir,62,195,0
3344,Statue of Beginnings,103,205,0
3345,Wooden Colossus,45,211,0
3346,Bronze Colossus,376,927,0
3347,Nabaean Scout,6,21,0
3348,Damned Admiral,48,68,0
3349,Damned Captain,28,48,0
3350,Damned Boatswain,22,101,0
3351,Damned Buccaneer,19,38,0
3352,Damned Buccaneer,13,39,0
3353,Jinn,60,290,0
3354,Jinn Warrior,144,377,0
3355,'Adite Light Infantry,24,39,0
3356,Nabaean Light Infantry,10,25,0
3357,Mukarrib,11,91,0
3358,Karib,5,66,0
3359,Lady Archer,5,21,0
3360,Longdead,8,26,0
3361,Longdead,11,25,0
3362,Piconye Castellan,12,26,0
3363,Lion of Strange Color,14,22,0
3364,Lion of Strange Color,12,21,0
3365,Lion of Strange Color,14,22,0
3366,Lion of Strange Color,12,20,0
3367,Hinn,26,28,0
3368,Bronze Colossus,399,959,0
3369,Ilahat of Fate,52,249,0
3370,Ilahat of Might,51,194,0
3371,Falcon,1,10,0
3372,Ifrit,223,650,0
3373,Shaytan,59,763,0
3374,Marid,271,1327,0
3375,Houri,49,522,0
3376,Marid,157,910,0
3377,Prester King,20,140,0
3378,Arch Pope,22,300,0
3379,Great Huntress,23,55,0
3380,Protopope,22,150,0
3381,Cyclops,25,44,0
3382,Yllerion,141,108,1
3383,Yllerion,141,108,1
3384,Sahira,46,157,0
3385,Queen of Na'Ba,61,637,0
3386,Ilah of the Sky,96,277,0
3387,Ilah of the Sacred Mountain,76,249,0
3388,Ilah of the Moon,81,250,0
3389,Jinn Block,84,138,0
3390,Hoburg Slinger,1,15,0
3391,Hoburg Spearman,4,21,0
3392,Hoburg Pikeman,5,22,0
3393,Hoburg Defender,9,23,0
3394,Serpent of the Underworld,156,197,0
3395,Demiurge,150,200,0
3396,King in Yellow,62,218,0
3397,Gygja,22,156,0
3398,Jarnvidja,24,238,0
3399,Thrymsgode,115,229,0
3400,Thrymshirding,106,120,0
3401,Vaetti Archer,3,19,0
3402,Light Vaetti Infantry,9,25,0
3403,Vaetti Spearman,10,24,0
3404,Vaetti Berserker,15,29,0
3405,Hirdvaetti,16,30,0
3406,Rimvaetti,42,56,0
3407,Vaetti Hag,3,39,0
3408,Vaetti Gygja,10,136,0
3409,Jotun Gygja,33,213,0
3410,Vaetti Jarl,18,34,0
3411,Vaetti Gode,34,116,0
3412,Vaetti Crossbowman,11,25,0
3413,Wolf Brother,20,33,0
3414,Dimvaetti,19,113,0
3415,Moose Riders,21,45,0
3416,Great Archon,137,287,0
3417,Light Vaetti Infantry,8,24,0
3418,Wolf Rider,15,30,0
3419,Plague Doctor,12,112,0
3420,Rimvaetti,19,35,0
3421,Jotun Hurler,29,46,0
3422,Jotun Axeman,36,50,0
3423,Vaetti Archer,3,19,0
3424,Undying,68,660,0
3425,Dwarf of the North,12,419,1
3426,Dwarf of the South,12,419,1
3427,Dwarf of the East,12,419,1
3428,Dwarf of the West,12,419,1
3429,Jotun Skratti,58,257,0
3430,Jotun Werewolf,58,186,0
3431,Jotun Wolf,58,105,0
3432,Jotun Skratti,58,205,0
3433,Jotun Werewolf,58,146,0
3434,Jotun Wolf,58,105,0
3435,Vaetti Herse,24,36,0
3436,Human Godihuskarl,11,25,0
3437,Human Godihuskarl,11,25,0
3438,Human Hirdman,14,28,0
3439,Norna of the Past,12,381,0
3440,Norna of the Present,12,381,0
3441,Norna of the Future,12,381,0
3442,Jotun Skinshifter,133,154,0
3443,Jotun Werewolf,92,130,1
3444,Wight Hag,52,75,0
3445,Wight Mage,120,153,0
3446,Wight Mage,100,131,0
3447,Wight Mage,20,39,0
3448,Wight Mage,16,35,0
3449,Wight Hag,16,35,0
3450,Wight Mage,65,86,0
3451,Necrodai,96,87,0
3452,Necrodai,62,57,0
3453,Ubaran Desert Warrior,6,25,0
3454,Ubaran Camel Rider,17,34,0
3455,Ubaran Soldier,9,24,0
3456,Brazen Guard,15,29,0
3457,Ubaran Scout,6,21,0
3458,Ubaran Commander,11,33,0
3459,Ubaran Sheikh,30,47,0
3460,Kahin,4,57,0
3461,Tubba,14,131,0
3462,Human Sahir,3,106,0
3463,Jinn Warrior,77,86,0
3464,Ifrit Warrior,282,282,0
3465,Ifrit Sultan,341,1100,0
3466,Houri,29,116,0
3467,Guardian of the Forbidden Chambers,103,115,0
3468,Jinn Sahir,37,275,0
3469,Jinn Emir,144,314,0
3470,Ubaran Archer,2,17,0
3471,Qarin,20,102,0
3472,Shaytan,59,673,0
3473,Firstborn of the Smokeless Flame,241,484,0
3474,Banu Si'lat,54,168,0
3475,Black King,306,1375,0
3476,Binn,33,58,0
3477,Ghul,41,63,0
3478,Ghul,31,61,1
3479,Ghul,41,63,0
3480,Ghul,31,61,1
3481,Ghulah,51,261,0
3482,Ghulah,37,236,1
3483,Si'lat,13,353,0
3484,Mother Ghul,55,504,0
3485,Mother Ghul,40,435,1
3486,???,0,0,1
3487,???,0,0,1
3488,???,0,0,1
3489,???,0,0,1
3490,???,0,0,1
3491,???,0,0,1
3492,???,0,0,1
3493,???,0,0,1
3494,???,0,0,1
3495,???,0,0,1
3496,???,0,0,1
3497,???,0,0,1
3498,???,0,0,1
3499,???,0,0,1
3500,???,0,0,1
3501,???,0,0,1
3502,???,0,0,1
3503,???,0,0,1
3504,???,0,0,1
3505,???,0,0,1
3506,???,0,0,1
3507,???,0,0,1
3508,???,0,0,1
3509,???,0,0,1
3510,???,0,0,1
3511,???,0,0,1
3512,???,0,0,1
3513,???,0,0,1
3514,???,0,0,1
3515,???,0,0,1
3516,???,0,0,1
3517,???,0,0,1
3518,???,0,0,1
3519,???,0,0,1
3520,???,0,0,1
3521,???,0,0,1
3522,???,0,0,1
3523,???,0,0,1
3524,???,0,0,1
3525,???,0,0,1
3526,???,0,0,1
3527,???,0,0,1
3528,???,0,0,1
3529,???,0,0,1
3530,???,0,0,1
3531,???,0,0,1
3532,???,0,0,1
3533,???,0,0,1
3534,???,0,0,1
3535,???,0,0,1
3536,???,0,0,1
3537,???,0,0,1
3538,???,0,0,1
3539,???,0,0,1
3540,???,0,0,1
3541,???,0,0,1
3542,???,0,0,1
3543,???,0,0,1
3544,???,0,0,1
3545,???,0,0,1
3546,???,0,0,1
3547,???,0,0,1
3548,???,0,0,1
3549,???,0,0,1
3550,???,0,0,1
3551,???,0,0,1
3552,???,0,0,1
3553,???,0,0,1
3554,???,0,0,1
3555,???,0,0,1
3556,???,0,0,1
3557,???,0,0,1
3558,???,0,0,1
3559,???,0,0,1
3560,???,0,0,1
3561,???,0,0,1
3562,???,0,0,1
3563,???,0,0,1
3564,???,0,0,1
3565,???,0,0,1
3566,???,0,0,1
3567,???,0,0,1
3568,???,0,0,1
3569,???,0,0,1
3570,???,0,0,1
3571,???,0,0,1
3572,???,0,0,1
3573,???,0,0,1
3574,???,0,0,1
3575,???,0,0,1
3576,???,0,0,1
3577,???,0,0,1
3578,???,0,0,1
3579,???,0,0,1
3580,???,0,0,1
3581,???,0,0,1
3582,???,0,0,1
3583,???,0,0,1
3584,???,0,0,1
3585,???,0,0,1
3586,???,0,0,1
3587,???,0,0,1
3588,???,0,0,1
3589,???,0,0,1
3590,???,0,0,1
3591,???,0,0,1
3592,???,0,0,1
3593,???,0,0,1
3594,???,0,0,1
3595,???,0,0,1
3596,???,0,0,1
3597,???,0,0,1
3598,???,0,0,1
3599,???,0,0,1
3600,???,0,0,1
